ApplicantID,Gender,Age,MonthlyIncome,LoanAmount,CreditScore,EmploymentStatus,ExistingLoans,LoanTerm,PropertyArea,LoanApproved
LP0001,Male,22,10406,192629,640,Self-Employed,3,180,Semi-Urban,1
LP0002,Female,26,824,16931,541,Unemployed,3,360,Semi-Urban,0
LP0003,Female,48,5886,108347,612,Employed,1,360,Urban,0
LP0004,Male,49,1176,29689,514,Unemployed,0,120,Semi-Urban,0
LP0005,Male,46,9574,420668,759,Employed,3,360,Rural,0
LP0006,Male,45,9038,273640,561,Employed,1,360,Semi-Urban,0
LP0007,Male,32,6596,223120,846,Employed,0,360,Semi-Urban,1
LP0008,Female,25,10023,257506,679,Employed,1,240,Semi-Urban,1
LP0009,Female,54,929,22950,785,Unemployed,1,360,Semi-Urban,0
LP0010,Female,57,7095,111351,722,Employed,2,360,Rural,0
LP0011,Male,35,3617,108546,757,Employed,1,360,Urban,1
LP0012,Female,64,6578,194105,573,Employed,0,180,Semi-Urban,0
LP0013,Female,56,3245,64039,648,Employed,3,240,Rural,1
LP0014,Male,35,9039,342846,688,Self-Employed,2,360,Rural,1
LP0015,Male,63,2902,86422,723,Employed,1,360,Urban,1
LP0016,Male,43,3557,89529,578,Employed,0,240,Urban,0
LP0017,Male,26,6528,126690,692,Employed,0,240,Semi-Urban,0
LP0018,Male,64,7548,238251,591,Employed,1,120,Rural,0
LP0019,Male,63,5598,210398,848,Employed,0,360,Semi-Urban,1
LP0020,Male,65,4383,102825,757,Employed,0,120,Semi-Urban,1
LP0021,Female,41,2109,45478,741,Employed,2,120,Urban,1
LP0022,Male,43,5975,183181,709,Self-Employed,1,120,Semi-Urban,1
LP0023,Male,63,8662,170297,613,Self-Employed,1,360,Semi-Urban,1
LP0024,Male,36,5662,198160,792,Self-Employed,0,360,Rural,1
LP0025,Male,35,4870,161490,807,Employed,1,240,Urban,1
LP0026,Female,45,4563,80365,701,Employed,2,360,Rural,1
LP0027,Male,56,4321,69549,764,Employed,0,180,Semi-Urban,1
LP0028,Male,31,6890,231563,715,Self-Employed,0,240,Semi-Urban,1
LP0029,Male,35,4406,104989,580,Employed,1,360,Rural,1
LP0030,Male,24,8754,154012,781,Employed,4,360,Urban,1
LP0031,Female,41,2033,76812,831,Employed,1,360,Urban,1
LP0032,Male,33,3950,96464,578,Employed,0,120,Rural,0
LP0033,Male,42,3469,99865,744,Employed,0,360,Semi-Urban,1
LP0034,Female,39,5364,118567,805,Employed,2,360,Urban,1
LP0035,Female,54,6895,233185,830,Self-Employed,0,360,Semi-Urban,1
LP0036,Female,34,9403,226091,843,Employed,1,240,Semi-Urban,1
LP0037,Male,24,10726,472379,636,Employed,1,360,Rural,0
LP0038,Male,47,3607,130170,698,Employed,0,360,Urban,1
LP0039,Female,49,4915,93884,798,Employed,2,360,Rural,1
LP0040,Male,48,5316,146194,832,Employed,2,120,Urban,1
LP0041,Male,55,4451,118230,747,Self-Employed,1,360,Urban,1
LP0042,Male,28,6319,196062,593,Employed,0,240,Urban,0
LP0043,Male,36,5885,236917,577,Self-Employed,0,360,Rural,0
LP0044,Female,62,3206,104203,566,Employed,1,240,Urban,0
LP0045,Male,56,4394,74024,676,Employed,1,360,Rural,0
LP0046,Female,50,4028,139620,717,Self-Employed,0,240,Semi-Urban,1
LP0047,Male,38,7440,113444,793,Employed,0,240,Rural,1
LP0048,Male,22,10515,403763,625,Employed,0,120,Rural,1
LP0049,Male,33,5420,189695,780,Employed,4,180,Semi-Urban,0
LP0050,Male,24,5138,124666,753,Employed,2,360,Rural,1
LP0051,Female,46,7159,170192,797,Self-Employed,3,360,Semi-Urban,1
LP0052,Female,45,7886,307145,763,Employed,0,360,Rural,1
LP0053,Female,50,11853,456341,764,Self-Employed,3,240,Urban,1
LP0054,Female,31,6261,160087,707,Self-Employed,0,360,Urban,1
LP0055,Male,27,5437,130316,618,Employed,1,360,Semi-Urban,1
LP0056,Female,51,501,15929,547,Unemployed,2,360,Semi-Urban,0
LP0057,Male,64,3454,52676,816,Employed,0,360,Semi-Urban,1
LP0058,Male,30,1161,20294,486,Unemployed,1,360,Semi-Urban,0
LP0059,Male,59,3696,69429,648,Employed,0,360,Semi-Urban,0
LP0060,Male,33,7982,164128,765,Employed,0,360,Semi-Urban,1
LP0061,Male,51,9837,298656,710,Employed,1,180,Urban,1
LP0062,Male,27,7832,350617,643,Employed,1,120,Rural,1
LP0063,Female,62,2986,103251,723,Employed,2,360,Rural,1
LP0064,Male,62,2477,41710,714,Self-Employed,1,360,Rural,1
LP0065,Male,56,6525,200757,664,Employed,1,180,Semi-Urban,1
LP0066,Male,40,3626,108415,769,Employed,0,240,Semi-Urban,1
LP0067,Male,24,7658,147991,580,Self-Employed,0,360,Rural,0
LP0068,Female,27,9082,386967,560,Employed,4,360,Rural,0
LP0069,Male,21,1279,36097,574,Unemployed,0,240,Rural,0
LP0070,Female,64,4776,214140,654,Self-Employed,1,360,Semi-Urban,0
LP0071,Female,65,618,17058,480,Unemployed,0,360,Semi-Urban,0
LP0072,Male,62,3467,115238,776,Self-Employed,2,360,Rural,1
LP0073,Male,33,3629,65840,551,Employed,2,180,Urban,0
LP0074,Female,42,4963,142074,650,Employed,0,360,Semi-Urban,1
LP0075,Female,41,5708,126506,570,Self-Employed,0,360,Rural,0
LP0076,Female,42,6268,251139,607,Employed,1,120,Semi-Urban,1
LP0077,Female,48,14859,500000,729,Employed,0,360,Semi-Urban,0
LP0078,Male,29,5113,203115,569,Employed,0,240,Semi-Urban,1
LP0079,Male,46,879,32266,665,Unemployed,2,240,Rural,0
LP0080,Male,29,3509,140291,587,Employed,0,360,Semi-Urban,0
LP0081,Female,35,2631,55316,697,Employed,2,240,Rural,1
LP0082,Female,30,8967,256109,574,Employed,1,240,Semi-Urban,1
LP0083,Male,44,4306,153962,670,Employed,0,360,Semi-Urban,0
LP0084,Male,62,4515,154059,575,Employed,1,180,Semi-Urban,0
LP0085,Male,28,3823,139503,718,Employed,1,360,Semi-Urban,1
LP0086,Male,44,4379,95145,774,Employed,0,360,Semi-Urban,1
LP0087,Female,36,13484,242078,550,Self-Employed,1,180,Semi-Urban,0
LP0088,Female,46,1816,77187,810,Employed,0,180,Urban,1
LP0089,Female,47,12562,399536,562,Self-Employed,0,360,Urban,0
LP0090,Male,57,7855,154074,597,Self-Employed,0,360,Urban,0
LP0091,Male,24,3032,117650,840,Employed,0,120,Rural,1
LP0092,Female,44,3196,135663,643,Employed,0,180,Urban,0
LP0093,Female,39,9609,193015,810,Employed,1,360,Urban,1
LP0094,Male,56,4135,163425,827,Self-Employed,1,120,Urban,1
LP0095,Female,59,3098,133203,754,Employed,1,360,Semi-Urban,1
LP0096,Male,30,7745,334203,734,Employed,2,360,Urban,1
LP0097,Male,45,5627,238723,724,Employed,2,360,Semi-Urban,1
LP0098,Male,38,3377,106012,618,Employed,1,240,Urban,1
LP0099,Male,39,5359,137653,653,Employed,1,120,Rural,1
LP0100,Male,56,3260,49611,795,Employed,0,360,Rural,1
LP0101,Male,30,11503,193565,710,Self-Employed,2,180,Rural,0
LP0102,Female,53,7514,209378,749,Employed,0,240,Semi-Urban,1
LP0103,Male,25,6080,164037,765,Employed,0,360,Semi-Urban,1
LP0104,Male,55,5679,116654,761,Employed,2,180,Semi-Urban,1
LP0105,Female,64,16004,429937,565,Self-Employed,0,360,Semi-Urban,0
LP0106,Male,54,4914,99456,754,Employed,0,360,Semi-Urban,1
LP0107,Male,53,3674,148663,588,Self-Employed,1,360,Urban,0
LP0108,Female,41,5882,140849,638,Employed,1,360,Rural,0
LP0109,Male,37,11321,373105,805,Employed,2,360,Urban,1
LP0110,Male,42,3275,98529,803,Employed,2,240,Semi-Urban,1
LP0111,Male,57,4253,70414,765,Employed,0,240,Semi-Urban,1
LP0112,Male,35,5805,251165,721,Employed,0,360,Semi-Urban,1
LP0113,Female,55,4809,148197,686,Employed,1,360,Rural,1
LP0114,Female,48,4059,100467,727,Self-Employed,0,240,Semi-Urban,1
LP0115,Female,27,7698,151987,626,Employed,1,360,Semi-Urban,1
LP0116,Female,52,12431,312711,737,Employed,0,360,Semi-Urban,1
LP0117,Female,31,5315,82995,564,Employed,1,240,Urban,0
LP0118,Male,30,3423,88678,841,Employed,1,360,Semi-Urban,1
LP0119,Female,29,2644,81817,763,Employed,1,240,Rural,1
LP0120,Male,34,5449,224258,757,Employed,1,360,Rural,1
LP0121,Female,33,7643,272253,718,Employed,1,360,Semi-Urban,1
LP0122,Female,45,5943,109039,829,Employed,0,120,Urban,1
LP0123,Male,22,4910,95413,695,Employed,0,180,Urban,1
LP0124,Male,55,3882,108089,812,Employed,0,360,Semi-Urban,1
LP0125,Male,27,3175,66266,553,Employed,1,360,Rural,0
LP0126,Male,41,6863,108678,639,Employed,0,360,Semi-Urban,0
LP0127,Female,38,807,31594,550,Unemployed,1,120,Rural,0
LP0128,Female,23,6867,107026,565,Employed,0,240,Semi-Urban,0
LP0129,Male,62,5407,215851,776,Employed,1,180,Urban,1
LP0130,Male,59,5642,109021,578,Employed,2,360,Urban,0
LP0131,Male,61,12622,500000,700,Self-Employed,0,240,Urban,1
LP0132,Male,31,4442,147102,794,Self-Employed,0,180,Semi-Urban,1
LP0133,Male,59,8488,314476,819,Employed,0,360,Urban,1
LP0134,Male,44,1140,20878,501,Unemployed,1,360,Semi-Urban,0
LP0135,Female,39,2846,116296,838,Employed,1,240,Semi-Urban,1
LP0136,Male,24,4630,186013,702,Employed,0,360,Urban,1
LP0137,Male,46,8530,295050,826,Self-Employed,1,360,Urban,1
LP0138,Female,58,16287,489721,828,Self-Employed,0,180,Urban,1
LP0139,Male,62,6518,238849,606,Employed,1,240,Semi-Urban,1
LP0140,Female,52,4460,67693,735,Employed,1,240,Semi-Urban,1
LP0141,Female,59,3259,106807,642,Employed,2,360,Urban,1
LP0142,Male,65,8038,324913,825,Employed,0,360,Rural,1
LP0143,Male,56,4095,105270,707,Self-Employed,2,240,Semi-Urban,1
LP0144,Male,60,9427,172030,824,Employed,2,240,Semi-Urban,1
LP0145,Male,57,4386,121169,730,Employed,0,360,Semi-Urban,1
LP0146,Male,53,9285,341809,626,Employed,0,360,Rural,0
LP0147,Female,56,6448,117476,700,Employed,1,360,Semi-Urban,1
LP0148,Male,23,4652,98536,787,Employed,2,360,Semi-Urban,1
LP0149,Male,29,3992,77550,838,Employed,2,360,Semi-Urban,1
LP0150,Male,28,1084,42176,682,Unemployed,1,360,Rural,0
LP0151,Female,53,5594,94464,567,Self-Employed,2,240,Semi-Urban,0
LP0152,Male,26,4744,168874,622,Employed,0,360,Semi-Urban,1
LP0153,Male,61,7856,204206,738,Self-Employed,0,180,Rural,1
LP0154,Male,59,6059,228265,566,Self-Employed,3,360,Rural,0
LP0155,Female,24,5181,227609,568,Self-Employed,2,360,Urban,0
LP0156,Male,33,2980,54940,768,Employed,1,360,Urban,1
LP0157,Female,22,4958,121131,669,Employed,2,240,Urban,1
LP0158,Female,25,2151,84542,650,Employed,3,180,Rural,1
LP0159,Male,64,3735,85848,583,Employed,2,240,Semi-Urban,0
LP0160,Female,47,3391,72749,633,Employed,2,240,Urban,0
LP0161,Male,52,4466,177574,745,Employed,2,360,Urban,0
LP0162,Female,41,4512,201291,751,Employed,0,360,Urban,1
LP0163,Female,28,10721,339924,560,Self-Employed,2,120,Urban,0
LP0164,Male,58,9259,216118,767,Employed,0,120,Urban,1
LP0165,Male,28,3142,84698,802,Employed,2,360,Semi-Urban,1
LP0166,Female,23,942,18937,681,Unemployed,1,240,Urban,1
LP0167,Male,64,1148,43459,497,Unemployed,1,360,Urban,0
LP0168,Male,23,7231,276254,556,Self-Employed,1,240,Rural,0
LP0169,Male,42,1454,59982,742,Unemployed,0,240,Rural,1
LP0170,Male,26,6029,95246,776,Employed,0,240,Urban,1
LP0171,Female,22,651,20740,511,Unemployed,4,180,Urban,0
LP0172,Male,43,13066,279973,561,Employed,3,360,Semi-Urban,0
LP0173,Male,64,3956,99795,840,Employed,0,180,Semi-Urban,1
LP0174,Male,22,2395,92324,790,Employed,4,360,Urban,1
LP0175,Female,58,8920,185188,570,Employed,2,360,Urban,1
LP0176,Male,37,3521,120243,727,Employed,1,120,Urban,1
LP0177,Female,55,4252,147276,777,Employed,0,120,Semi-Urban,1
LP0178,Male,54,3793,165461,822,Self-Employed,3,360,Rural,1
LP0179,Female,43,4257,162850,837,Employed,1,360,Rural,1
LP0180,Male,50,3511,137311,846,Employed,2,360,Semi-Urban,1
LP0181,Male,28,9304,287940,683,Self-Employed,2,180,Semi-Urban,1
LP0182,Male,42,5076,104582,832,Employed,2,180,Semi-Urban,1
LP0183,Female,64,3742,103903,702,Employed,1,120,Semi-Urban,1
LP0184,Female,56,7319,230436,615,Employed,0,360,Urban,1
LP0185,Male,25,5442,192388,686,Employed,0,360,Semi-Urban,1
LP0186,Female,33,2348,78027,641,Employed,0,360,Rural,0
LP0187,Female,49,1303,34945,664,Unemployed,0,360,Semi-Urban,0
LP0188,Male,51,7100,163011,652,Employed,1,180,Rural,1
LP0189,Male,36,3545,71066,604,Employed,1,360,Semi-Urban,1
LP0190,Male,62,6898,247054,806,Self-Employed,2,360,Semi-Urban,1
LP0191,Male,50,10206,350698,650,Self-Employed,0,240,Urban,0
LP0192,Female,36,5195,185051,747,Employed,1,360,Semi-Urban,1
LP0193,Female,32,2615,68449,775,Employed,0,360,Rural,1
LP0194,Female,37,3564,81516,786,Employed,0,360,Semi-Urban,1
LP0195,Male,36,4771,180303,575,Employed,0,360,Urban,1
LP0196,Male,32,4768,182182,670,Employed,2,240,Urban,0
LP0197,Female,28,10818,310135,731,Employed,0,360,Semi-Urban,0
LP0198,Female,40,580,19347,628,Unemployed,2,120,Semi-Urban,0
LP0199,Female,23,2823,73978,804,Employed,0,360,Semi-Urban,1
LP0200,Female,36,7950,286664,671,Employed,2,180,Rural,1
LP0201,Female,50,5579,223559,580,Employed,2,360,Semi-Urban,0
LP0202,Male,65,4825,171996,834,Employed,3,360,Semi-Urban,1
LP0203,Male,43,3524,107050,655,Employed,2,360,Urban,1
LP0204,Female,48,7616,219034,773,Employed,3,180,Urban,0
LP0205,Female,60,8239,282347,822,Self-Employed,2,120,Semi-Urban,1
LP0206,Male,25,3704,131100,781,Employed,1,360,Rural,1
LP0207,Male,40,7040,223603,805,Employed,0,360,Semi-Urban,1
LP0208,Female,60,6147,207450,573,Employed,0,360,Semi-Urban,0
LP0209,Male,64,3549,63518,658,Employed,0,240,Urban,1
LP0210,Male,21,4719,205526,740,Employed,1,360,Rural,1
LP0211,Male,50,4035,156248,574,Employed,1,360,Rural,0
LP0212,Female,41,14092,369461,736,Employed,2,360,Semi-Urban,0
LP0213,Female,40,6079,193825,837,Employed,3,360,Urban,0
LP0214,Male,26,7283,119584,665,Self-Employed,1,360,Semi-Urban,0
LP0215,Female,42,981,15928,454,Unemployed,1,180,Rural,0
LP0216,Male,38,8402,189246,831,Self-Employed,4,120,Semi-Urban,1
LP0217,Male,28,4734,168961,686,Self-Employed,0,360,Semi-Urban,1
LP0218,Female,59,4182,169640,776,Employed,2,120,Urban,1
LP0219,Female,52,939,29837,651,Unemployed,0,360,Urban,0
LP0220,Female,53,2963,91746,635,Employed,1,360,Urban,0
LP0221,Female,36,554,14996,501,Unemployed,0,360,Rural,0
LP0222,Male,32,1099,21812,647,Unemployed,2,360,Semi-Urban,0
LP0223,Male,58,14251,264364,816,Self-Employed,1,120,Rural,1
LP0224,Male,54,1402,53024,689,Unemployed,0,240,Urban,1
LP0225,Male,34,2930,125477,649,Employed,0,360,Rural,0
LP0226,Male,56,3972,114189,636,Employed,1,180,Rural,1
LP0227,Female,53,3854,134055,564,Employed,3,360,Urban,0
LP0228,Male,43,4765,202196,650,Employed,2,360,Rural,1
LP0229,Female,65,5827,103157,714,Employed,1,240,Urban,1
LP0230,Female,22,5809,221406,578,Employed,0,240,Urban,1
LP0231,Female,61,1088,36452,591,Unemployed,1,360,Urban,0
LP0232,Male,41,7758,255696,656,Employed,2,360,Rural,0
LP0233,Male,22,5015,119237,679,Self-Employed,2,180,Rural,0
LP0234,Male,47,1054,37434,536,Unemployed,0,360,Urban,0
LP0235,Male,29,1325,51468,731,Unemployed,2,360,Semi-Urban,0
LP0236,Female,21,1131,20794,738,Unemployed,1,360,Semi-Urban,0
LP0237,Male,31,5923,183646,763,Employed,3,120,Rural,0
LP0238,Male,23,914,16486,628,Unemployed,3,180,Urban,0
LP0239,Female,43,13005,500000,828,Self-Employed,2,360,Semi-Urban,1
LP0240,Male,46,5017,151659,608,Employed,2,360,Semi-Urban,1
LP0241,Female,24,6190,242889,639,Employed,0,360,Urban,0
LP0242,Female,38,3387,88206,743,Self-Employed,2,360,Semi-Urban,1
LP0243,Female,26,6015,112795,672,Employed,1,360,Semi-Urban,1
LP0244,Male,55,7640,124111,685,Employed,0,120,Urban,0
LP0245,Male,42,10658,249879,688,Employed,0,360,Rural,1
LP0246,Female,63,8605,192123,778,Employed,2,360,Urban,1
LP0247,Male,35,6134,195125,823,Employed,0,240,Rural,1
LP0248,Female,42,3065,47973,599,Self-Employed,1,240,Urban,0
LP0249,Female,57,5181,158627,667,Employed,1,360,Urban,1
LP0250,Female,62,3877,103721,751,Employed,0,240,Urban,1
LP0251,Male,32,5399,174461,740,Employed,0,120,Rural,1
LP0252,Male,62,3021,108975,730,Employed,2,360,Rural,1
LP0253,Female,58,684,23271,537,Unemployed,2,360,Urban,0
LP0254,Male,38,4518,201228,624,Employed,0,360,Urban,1
LP0255,Male,65,4060,77740,844,Employed,2,360,Semi-Urban,1
LP0256,Male,55,2974,82951,830,Employed,2,120,Semi-Urban,1
LP0257,Female,50,4670,129568,570,Employed,1,180,Rural,0
LP0258,Female,44,5012,137888,720,Self-Employed,2,240,Urban,1
LP0259,Male,62,1533,53523,564,Self-Employed,3,240,Semi-Urban,0
LP0260,Male,50,11172,331750,760,Employed,1,360,Semi-Urban,1
LP0261,Female,34,7596,231852,597,Employed,0,360,Rural,1
LP0262,Female,26,4227,118232,635,Employed,3,360,Semi-Urban,0
LP0263,Male,23,4951,221562,698,Employed,1,180,Urban,0
LP0264,Male,36,3075,131692,737,Employed,0,240,Urban,1
LP0265,Female,27,9684,234660,700,Employed,1,360,Semi-Urban,1
LP0266,Female,34,10497,192597,690,Employed,1,360,Semi-Urban,1
LP0267,Female,29,5232,210289,618,Employed,2,180,Rural,0
LP0268,Female,35,1459,65531,660,Unemployed,1,360,Semi-Urban,0
LP0269,Male,41,548,13030,482,Unemployed,0,120,Semi-Urban,0
LP0270,Male,55,7401,190453,670,Employed,1,240,Semi-Urban,1
LP0271,Female,22,7241,313165,650,Self-Employed,1,360,Semi-Urban,1
LP0272,Female,47,2879,104605,698,Employed,0,120,Urban,1
LP0273,Female,22,4168,99486,695,Employed,1,360,Urban,1
LP0274,Female,55,7086,229808,792,Self-Employed,2,240,Semi-Urban,1
LP0275,Male,38,1445,62607,666,Unemployed,0,120,Urban,0
LP0276,Male,34,1342,52813,474,Unemployed,1,180,Urban,0
LP0277,Female,40,4097,152633,644,Employed,0,360,Urban,1
LP0278,Female,38,4503,167105,775,Employed,0,360,Urban,1
LP0279,Female,30,6337,128898,555,Self-Employed,0,360,Urban,0
LP0280,Female,45,4758,189085,763,Employed,0,360,Semi-Urban,1
LP0281,Female,22,5018,116836,755,Employed,2,360,Semi-Urban,1
LP0282,Male,45,3215,137958,616,Employed,0,240,Semi-Urban,1
LP0283,Male,53,3689,95689,649,Employed,2,240,Semi-Urban,0
LP0284,Male,56,2940,119745,561,Employed,0,240,Rural,0
LP0285,Male,51,7267,167046,786,Employed,3,240,Urban,1
LP0286,Male,34,576,17531,701,Unemployed,1,360,Semi-Urban,0
LP0287,Male,21,2116,38525,684,Employed,2,180,Urban,1
LP0288,Male,36,3148,109561,771,Employed,0,180,Semi-Urban,1
LP0289,Male,23,9977,399901,705,Employed,1,240,Rural,1
LP0290,Male,55,1708,62433,691,Employed,0,360,Semi-Urban,1
LP0291,Male,61,4318,132552,707,Employed,3,360,Semi-Urban,1
LP0292,Male,26,5136,83991,811,Employed,1,360,Semi-Urban,0
LP0293,Female,45,8550,367677,832,Self-Employed,1,240,Semi-Urban,1
LP0294,Male,33,3407,123213,778,Employed,2,180,Urban,1
LP0295,Male,54,893,33376,763,Unemployed,0,240,Semi-Urban,0
LP0296,Male,28,7736,300469,839,Employed,2,360,Semi-Urban,1
LP0297,Female,41,4312,161408,717,Employed,1,120,Urban,0
LP0298,Male,54,4512,127389,596,Employed,2,360,Urban,0
LP0299,Female,24,5993,221792,752,Employed,1,360,Rural,1
LP0300,Male,45,5076,171319,763,Self-Employed,0,180,Urban,1
LP0301,Male,35,6030,244941,795,Employed,0,240,Urban,1
LP0302,Male,24,10657,416409,573,Employed,2,180,Semi-Urban,0
LP0303,Male,65,9974,161990,823,Self-Employed,1,360,Urban,1
LP0304,Female,32,572,15081,473,Unemployed,1,360,Semi-Urban,0
LP0305,Female,52,6476,103884,705,Self-Employed,3,360,Semi-Urban,0
LP0306,Female,52,3432,61989,748,Employed,0,360,Rural,0
LP0307,Male,48,3442,113731,711,Self-Employed,2,360,Urban,1
LP0308,Male,33,6009,247658,783,Employed,4,360,Semi-Urban,1
LP0309,Female,51,4275,79492,712,Employed,2,120,Rural,1
LP0310,Male,34,4030,114986,665,Employed,2,240,Urban,0
LP0311,Male,40,6237,263989,642,Employed,0,180,Urban,0
LP0312,Male,38,2667,105157,591,Employed,0,360,Rural,0
LP0313,Male,49,2487,76077,833,Employed,2,120,Urban,1
LP0314,Female,26,4921,187722,759,Self-Employed,0,360,Semi-Urban,1
LP0315,Female,52,7564,232069,755,Employed,0,180,Urban,1
LP0316,Female,49,3937,77727,769,Employed,2,360,Urban,1
LP0317,Male,63,9317,174619,829,Employed,0,240,Urban,1
LP0318,Male,22,1078,22261,545,Unemployed,3,240,Semi-Urban,0
LP0319,Male,43,5848,149285,655,Employed,2,360,Semi-Urban,0
LP0320,Male,39,5944,255091,667,Employed,2,360,Urban,0
LP0321,Male,51,4456,173741,786,Self-Employed,2,360,Rural,1
LP0322,Female,25,8202,229525,649,Self-Employed,2,120,Semi-Urban,1
LP0323,Female,39,8199,244267,810,Employed,2,240,Rural,1
LP0324,Male,54,2024,46487,835,Employed,1,360,Rural,1
LP0325,Female,30,8530,308193,652,Self-Employed,0,360,Rural,1
LP0326,Female,45,1812,70818,612,Employed,2,240,Rural,0
LP0327,Male,22,3340,74038,724,Employed,2,360,Semi-Urban,0
LP0328,Female,31,14981,243510,831,Self-Employed,1,360,Rural,0
LP0329,Male,51,3894,131292,842,Employed,0,360,Urban,1
LP0330,Male,35,3073,97952,775,Employed,1,240,Urban,1
LP0331,Male,29,4540,122870,556,Employed,0,180,Rural,0
LP0332,Female,43,11239,385686,676,Employed,3,360,Semi-Urban,1
LP0333,Male,39,2362,74446,641,Employed,3,360,Rural,1
LP0334,Male,29,3921,88290,739,Self-Employed,0,360,Rural,1
LP0335,Male,55,8946,240932,602,Employed,1,120,Urban,1
LP0336,Male,41,10332,287678,791,Employed,0,180,Rural,1
LP0337,Female,29,4715,195236,681,Employed,2,360,Urban,1
LP0338,Female,48,2994,131218,661,Employed,0,120,Urban,0
LP0339,Male,27,1053,44004,460,Unemployed,1,240,Semi-Urban,0
LP0340,Male,36,2810,102776,779,Employed,0,240,Urban,1
LP0341,Male,36,5627,183157,705,Employed,0,360,Semi-Urban,1
LP0342,Male,53,7957,283888,746,Employed,1,120,Semi-Urban,1
LP0343,Male,24,3829,165310,772,Employed,0,360,Urban,1
LP0344,Male,24,2569,57802,799,Employed,1,360,Rural,1
LP0345,Male,59,8240,255881,632,Self-Employed,0,360,Semi-Urban,1
LP0346,Female,60,1194,42611,661,Unemployed,1,360,Urban,1
LP0347,Female,37,8523,301521,812,Employed,2,240,Urban,1
LP0348,Male,57,5570,125705,738,Employed,2,360,Rural,0
LP0349,Male,59,9353,304925,839,Self-Employed,2,360,Rural,1
LP0350,Female,49,13811,500000,607,Self-Employed,3,360,Urban,0
LP0351,Male,56,3150,92144,558,Employed,0,360,Urban,0
LP0352,Female,58,4844,187942,664,Employed,0,360,Rural,1
LP0353,Female,59,3973,102489,759,Employed,1,360,Semi-Urban,1
LP0354,Male,57,3029,130740,590,Self-Employed,2,180,Urban,0
LP0355,Male,55,7890,244730,722,Self-Employed,4,360,Semi-Urban,1
LP0356,Female,27,13421,441261,783,Employed,0,360,Semi-Urban,1
LP0357,Male,47,2354,37524,830,Employed,0,240,Rural,1
LP0358,Male,48,1234,24813,565,Unemployed,0,360,Urban,0
LP0359,Female,42,6528,221873,657,Self-Employed,2,240,Semi-Urban,1
LP0360,Male,34,523,14432,770,Unemployed,1,360,Urban,1
LP0361,Male,27,9138,276378,588,Self-Employed,0,360,Rural,0
LP0362,Female,57,5162,87181,668,Employed,1,360,Rural,1
LP0363,Male,42,4697,187992,576,Employed,1,360,Semi-Urban,0
LP0364,Male,25,2922,112599,653,Employed,2,240,Semi-Urban,0
LP0365,Female,22,5394,110903,623,Employed,0,240,Semi-Urban,1
LP0366,Male,47,3631,123562,740,Employed,2,240,Rural,0
LP0367,Female,41,2219,87760,696,Self-Employed,1,360,Urban,1
LP0368,Female,58,7925,271238,804,Employed,2,360,Rural,1
LP0369,Male,35,10712,260429,833,Self-Employed,2,360,Urban,1
LP0370,Male,41,5017,174006,762,Employed,0,180,Urban,1
LP0371,Male,30,696,14834,533,Unemployed,0,360,Semi-Urban,0
LP0372,Male,43,7147,175442,755,Employed,2,240,Rural,1
LP0373,Male,59,5291,117471,789,Employed,0,360,Rural,1
LP0374,Female,25,8113,257245,835,Employed,2,360,Semi-Urban,1
LP0375,Male,21,5748,104882,571,Employed,2,360,Semi-Urban,0
LP0376,Male,33,14463,500000,808,Self-Employed,2,360,Rural,1
LP0377,Female,41,5327,133203,654,Self-Employed,0,360,Urban,1
LP0378,Male,46,5206,112288,807,Employed,0,360,Rural,1
LP0379,Female,65,6840,204492,753,Employed,1,360,Semi-Urban,1
LP0380,Male,41,3909,91118,811,Employed,0,360,Semi-Urban,1
LP0381,Male,38,3583,111241,656,Employed,2,240,Urban,1
LP0382,Female,57,698,17767,665,Unemployed,2,120,Semi-Urban,0
LP0383,Female,65,4413,83679,770,Self-Employed,1,360,Urban,1
LP0384,Female,52,3208,73709,771,Employed,2,360,Urban,1
LP0385,Female,56,19194,500000,807,Self-Employed,0,240,Urban,0
LP0386,Female,37,8371,133172,750,Employed,0,360,Urban,1
LP0387,Male,55,926,35298,666,Unemployed,4,120,Semi-Urban,0
LP0388,Male,31,3677,123748,774,Employed,4,180,Rural,1
LP0389,Female,41,7332,242255,751,Self-Employed,1,360,Urban,1
LP0390,Female,46,3150,98851,775,Self-Employed,3,360,Semi-Urban,1
LP0391,Female,24,5103,166916,785,Employed,1,360,Semi-Urban,1
LP0392,Male,54,4630,199273,732,Self-Employed,0,360,Semi-Urban,1
LP0393,Male,38,2630,40126,749,Employed,0,360,Rural,0
LP0394,Female,60,8389,137864,795,Employed,3,360,Semi-Urban,1
LP0395,Male,55,7887,163614,660,Employed,0,120,Rural,0
LP0396,Female,61,1298,25984,482,Unemployed,1,240,Semi-Urban,0
LP0397,Female,49,20990,428948,785,Self-Employed,1,180,Semi-Urban,1
LP0398,Male,49,3166,111311,676,Self-Employed,2,360,Semi-Urban,1
LP0399,Female,58,12451,358395,653,Self-Employed,1,180,Rural,1
LP0400,Female,62,7774,347912,786,Employed,0,240,Rural,1
LP0401,Male,41,1431,31205,562,Unemployed,0,180,Semi-Urban,1
LP0402,Female,62,6372,154998,806,Employed,1,360,Rural,1
LP0403,Male,33,4248,189151,784,Employed,2,240,Urban,1
LP0404,Female,61,4399,175752,838,Employed,1,360,Rural,1
LP0405,Male,37,8311,241800,589,Self-Employed,2,120,Urban,0
LP0406,Female,29,5234,165592,837,Self-Employed,0,180,Urban,1
LP0407,Male,61,4245,171053,746,Employed,2,180,Urban,0
LP0408,Male,21,4915,144645,822,Employed,1,360,Rural,1
LP0409,Female,22,11793,249784,813,Self-Employed,0,360,Rural,1
LP0410,Male,49,3124,124501,606,Employed,1,120,Rural,1
LP0411,Male,53,9697,301898,847,Self-Employed,2,120,Rural,1
LP0412,Female,30,1258,24645,525,Unemployed,2,360,Semi-Urban,0
LP0413,Female,60,3597,108512,686,Employed,0,180,Rural,1
LP0414,Male,41,7576,207552,636,Employed,2,180,Rural,0
LP0415,Female,48,3378,139529,791,Self-Employed,0,120,Semi-Urban,1
LP0416,Male,31,5390,101233,748,Self-Employed,0,120,Urban,0
LP0417,Male,54,4982,205538,633,Employed,1,240,Semi-Urban,1
LP0418,Male,28,1434,43545,738,Unemployed,1,120,Rural,0
LP0419,Female,42,5138,139398,830,Employed,2,240,Rural,1
LP0420,Female,28,7344,145844,801,Employed,0,360,Rural,1
LP0421,Female,35,4673,168342,739,Self-Employed,0,240,Rural,0
LP0422,Female,37,9701,415243,701,Self-Employed,1,360,Rural,0
LP0423,Male,43,7493,196776,827,Employed,0,120,Rural,1
LP0424,Male,44,6325,140715,688,Self-Employed,0,360,Semi-Urban,0
LP0425,Male,65,5806,183736,725,Employed,0,240,Urban,1
LP0426,Male,39,5726,222658,557,Employed,1,360,Semi-Urban,0
LP0427,Male,25,3538,53469,844,Employed,0,180,Semi-Urban,1
LP0428,Female,52,8652,293660,784,Self-Employed,1,360,Rural,1
LP0429,Male,64,9405,309381,712,Employed,0,180,Semi-Urban,1
LP0430,Male,21,4958,121691,598,Employed,0,240,Urban,0
LP0431,Male,43,2739,78178,587,Employed,1,360,Urban,0
LP0432,Female,57,4705,105433,685,Self-Employed,0,360,Semi-Urban,0
LP0433,Female,28,2412,93336,768,Employed,1,240,Semi-Urban,1
LP0434,Male,33,12646,430419,845,Self-Employed,0,360,Urban,1
LP0435,Male,28,6671,206676,583,Employed,1,240,Urban,1
LP0436,Female,43,4021,107665,628,Employed,0,120,Semi-Urban,0
LP0437,Male,63,2787,66167,785,Employed,0,360,Urban,1
LP0438,Female,21,4373,173529,822,Self-Employed,1,240,Urban,1
LP0439,Female,65,1283,36619,615,Unemployed,3,360,Semi-Urban,0
LP0440,Male,44,3807,114375,724,Employed,0,180,Semi-Urban,1
LP0441,Male,55,4472,136954,770,Employed,1,360,Semi-Urban,1
LP0442,Female,44,6618,188288,558,Employed,2,360,Urban,0
LP0443,Male,37,5817,131944,838,Employed,1,360,Rural,1
LP0444,Male,25,5468,101760,662,Employed,2,360,Semi-Urban,1
LP0445,Female,40,4291,77049,754,Employed,0,120,Urban,1
LP0446,Female,41,5698,214950,735,Employed,3,360,Urban,1
LP0447,Female,60,4677,101518,746,Employed,0,180,Urban,1
LP0448,Female,51,5902,98387,815,Employed,0,360,Urban,1
LP0449,Male,56,5174,201400,811,Self-Employed,2,360,Urban,1
LP0450,Male,31,4568,89632,797,Employed,1,360,Semi-Urban,1
LP0451,Female,35,3307,111625,664,Employed,1,360,Semi-Urban,1
LP0452,Male,39,6519,164013,670,Self-Employed,2,180,Semi-Urban,1
LP0453,Male,27,3553,66776,690,Employed,1,360,Rural,1
LP0454,Female,48,3147,86336,614,Employed,0,240,Urban,0
LP0455,Male,63,5450,84171,825,Employed,1,360,Rural,1
LP0456,Male,25,5351,215277,788,Employed,0,120,Urban,1
LP0457,Male,25,6722,204381,559,Employed,2,360,Semi-Urban,0
LP0458,Male,50,4136,79306,782,Employed,4,120,Urban,0
LP0459,Male,52,1357,30002,677,Unemployed,0,360,Rural,0
LP0460,Male,28,3920,111481,561,Employed,1,120,Semi-Urban,0
LP0461,Male,30,5821,120297,726,Employed,0,360,Urban,1
LP0462,Female,58,5611,129378,726,Employed,0,180,Semi-Urban,0
LP0463,Female,52,5201,161395,766,Employed,3,360,Urban,1
LP0464,Male,48,3122,124812,560,Employed,0,240,Rural,0
LP0465,Female,37,12269,331940,667,Self-Employed,1,360,Semi-Urban,1
LP0466,Male,51,11947,436176,713,Employed,2,240,Urban,1
LP0467,Male,28,4932,203694,588,Employed,2,360,Semi-Urban,0
LP0468,Female,60,3233,69474,602,Employed,1,240,Urban,1
LP0469,Male,45,4972,194980,767,Employed,1,360,Semi-Urban,1
LP0470,Female,29,812,30630,663,Unemployed,1,120,Urban,0
LP0471,Male,22,5706,146690,605,Employed,3,240,Semi-Urban,1
LP0472,Female,35,5568,248809,667,Employed,1,360,Rural,1
LP0473,Male,23,7919,181164,802,Employed,1,120,Urban,1
LP0474,Female,56,1251,28327,706,Unemployed,0,180,Rural,0
LP0475,Male,24,2971,113396,817,Employed,0,360,Semi-Urban,1
LP0476,Female,34,6814,191062,840,Employed,1,360,Urban,1
LP0477,Male,61,5360,133591,729,Self-Employed,3,360,Semi-Urban,1
LP0478,Male,61,8110,165118,784,Self-Employed,2,240,Semi-Urban,1
LP0479,Female,45,3682,139768,745,Employed,4,240,Semi-Urban,1
LP0480,Male,30,6892,265959,629,Employed,1,360,Urban,0
LP0481,Female,41,7789,249224,684,Employed,2,180,Urban,1
LP0482,Female,56,6132,268087,571,Employed,2,360,Rural,1
LP0483,Male,32,4243,104144,774,Employed,1,180,Semi-Urban,1
LP0484,Female,47,4530,97796,607,Employed,0,360,Semi-Urban,1
LP0485,Male,60,10123,357584,642,Employed,1,360,Urban,1
LP0486,Female,22,4271,161239,741,Employed,2,360,Rural,0
LP0487,Male,33,7480,162668,652,Employed,0,120,Rural,1
LP0488,Male,52,668,11555,474,Unemployed,3,360,Urban,0
LP0489,Female,51,5278,207507,677,Employed,0,240,Urban,1
LP0490,Female,36,8035,355910,604,Employed,2,360,Rural,1
LP0491,Male,52,6255,214797,780,Employed,1,360,Rural,1
LP0492,Female,52,1011,23592,469,Unemployed,2,180,Semi-Urban,0
LP0493,Male,54,3497,157015,789,Employed,1,360,Rural,1
LP0494,Male,31,3483,145582,639,Employed,3,360,Semi-Urban,0
LP0495,Male,30,12306,374119,781,Employed,1,240,Urban,1
LP0496,Male,35,5718,227345,782,Employed,0,360,Semi-Urban,1
LP0497,Male,37,5716,225636,841,Employed,1,240,Semi-Urban,1
LP0498,Male,60,3876,166838,701,Employed,0,240,Rural,1
LP0499,Female,38,5574,224229,694,Employed,0,360,Urban,1
LP0500,Female,29,1338,45907,620,Unemployed,0,360,Semi-Urban,0
LP0501,Female,45,8000,266232,690,Employed,2,180,Rural,1
LP0502,Male,60,7502,217713,642,Employed,1,360,Urban,0
LP0503,Male,34,10260,346732,663,Self-Employed,1,360,Semi-Urban,0
LP0504,Female,45,4332,168326,833,Employed,0,360,Rural,1
LP0505,Female,42,3910,172318,692,Employed,0,360,Semi-Urban,0
LP0506,Male,50,5614,162910,772,Employed,3,240,Semi-Urban,0
LP0507,Female,40,7138,229912,781,Employed,1,360,Rural,0
LP0508,Female,41,5935,168222,582,Self-Employed,3,360,Urban,0
LP0509,Female,64,547,19174,703,Unemployed,0,180,Rural,0
LP0510,Female,52,5059,171488,719,Employed,0,360,Semi-Urban,1
LP0511,Female,41,5297,82288,689,Employed,2,240,Semi-Urban,1
LP0512,Male,55,1131,35326,642,Unemployed,1,120,Semi-Urban,0
LP0513,Female,52,4195,74061,572,Self-Employed,0,360,Rural,0
LP0514,Female,50,4365,68929,773,Self-Employed,0,360,Urban,1
LP0515,Male,59,4646,179967,819,Employed,2,360,Urban,1
LP0516,Male,32,5558,126497,702,Employed,1,360,Urban,1
LP0517,Male,61,5103,128695,634,Self-Employed,1,360,Urban,1
LP0518,Female,38,8441,142843,658,Employed,0,360,Semi-Urban,1
LP0519,Female,41,5823,118701,580,Employed,0,360,Rural,0
LP0520,Male,33,4992,189536,778,Employed,4,120,Rural,0
LP0521,Male,41,2767,82472,789,Employed,0,180,Urban,1
LP0522,Male,28,2903,120242,690,Employed,1,240,Semi-Urban,1
LP0523,Female,60,5499,148018,705,Employed,2,360,Semi-Urban,1
LP0524,Female,27,940,21677,768,Unemployed,0,360,Urban,1
LP0525,Female,43,2094,53246,648,Employed,1,240,Rural,0
LP0526,Male,64,6684,243185,596,Self-Employed,1,240,Rural,0
LP0527,Male,52,7473,236521,616,Employed,1,240,Rural,1
LP0528,Male,31,3117,131305,611,Employed,1,240,Semi-Urban,0
LP0529,Male,42,1482,49002,581,Unemployed,0,360,Semi-Urban,0
LP0530,Female,42,4962,147820,716,Employed,1,360,Urban,0
LP0531,Female,63,4570,176276,586,Employed,1,180,Semi-Urban,0
LP0532,Female,45,4710,204536,668,Employed,1,360,Semi-Urban,1
LP0533,Female,42,7319,187918,635,Employed,0,360,Rural,0
LP0534,Male,48,15546,349727,601,Self-Employed,1,360,Rural,0
LP0535,Female,49,915,30640,531,Unemployed,3,180,Rural,0
LP0536,Female,33,8601,257739,838,Employed,1,360,Rural,1
LP0537,Female,38,4218,188441,847,Employed,2,180,Urban,0
LP0538,Male,22,6027,174004,753,Employed,1,360,Semi-Urban,1
LP0539,Male,49,5206,89699,787,Self-Employed,2,360,Urban,1
LP0540,Male,41,3300,146259,704,Employed,3,360,Urban,1
LP0541,Female,35,10207,411419,789,Employed,0,240,Semi-Urban,1
LP0542,Female,47,2534,51560,685,Employed,1,180,Semi-Urban,1
LP0543,Male,51,4384,184733,613,Employed,0,180,Semi-Urban,0
LP0544,Female,35,5083,128193,672,Employed,1,360,Urban,1
LP0545,Female,43,15147,398568,803,Self-Employed,0,180,Urban,1
LP0546,Male,44,7034,296776,663,Employed,2,120,Urban,0
LP0547,Male,64,2517,77784,569,Employed,0,360,Urban,0
LP0548,Female,33,6625,126755,565,Self-Employed,1,360,Urban,0
LP0549,Male,42,6704,174784,694,Self-Employed,1,360,Semi-Urban,1
LP0550,Female,63,4485,164433,757,Employed,0,120,Rural,1
LP0551,Male,57,6297,127360,568,Employed,3,360,Semi-Urban,0
LP0552,Female,53,2797,91481,715,Employed,2,240,Semi-Urban,1
LP0553,Male,23,4173,149636,587,Employed,1,360,Urban,0
LP0554,Male,39,5952,150678,730,Employed,1,120,Rural,1
LP0555,Female,43,6449,230980,654,Employed,0,360,Urban,0
LP0556,Male,49,5217,216642,649,Employed,2,360,Rural,0
LP0557,Male,50,5743,167485,639,Self-Employed,0,360,Rural,1
LP0558,Male,59,4684,124066,849,Employed,1,360,Rural,1
LP0559,Female,64,6608,148909,628,Employed,2,120,Urban,0
LP0560,Female,45,4981,165001,622,Employed,0,180,Semi-Urban,0
LP0561,Female,57,848,35103,673,Unemployed,2,360,Urban,0
LP0562,Male,28,3940,97474,645,Self-Employed,0,360,Urban,1
LP0563,Male,62,13553,364400,652,Self-Employed,3,360,Urban,0
LP0564,Male,36,3174,86328,773,Self-Employed,0,360,Rural,1
LP0565,Male,28,1218,38762,451,Unemployed,1,360,Rural,0
LP0566,Male,21,4709,102902,671,Employed,0,360,Urban,1
LP0567,Male,64,4098,162552,785,Employed,2,180,Semi-Urban,1
LP0568,Male,25,3906,93228,665,Employed,1,360,Rural,0
LP0569,Female,23,11460,414403,712,Self-Employed,0,240,Semi-Urban,1
LP0570,Male,21,17192,500000,775,Self-Employed,1,180,Semi-Urban,1
LP0571,Male,24,3857,125649,779,Employed,1,360,Semi-Urban,1
LP0572,Female,60,7749,157988,731,Employed,1,360,Rural,1
LP0573,Male,55,4970,184141,798,Employed,2,360,Semi-Urban,1
LP0574,Female,52,1366,28219,696,Unemployed,1,360,Rural,0
LP0575,Female,62,5491,101057,693,Employed,0,360,Semi-Urban,1
LP0576,Female,54,4871,152951,645,Employed,0,180,Urban,0
LP0577,Male,63,5590,202799,793,Employed,1,360,Urban,1
LP0578,Female,45,4893,80739,635,Employed,1,360,Urban,1
LP0579,Male,30,4418,75467,733,Self-Employed,0,360,Semi-Urban,1
LP0580,Male,41,6831,266958,670,Employed,0,180,Urban,0
LP0581,Male,59,7427,291665,641,Self-Employed,1,180,Rural,1
LP0582,Female,47,4949,110655,619,Employed,4,360,Semi-Urban,0
LP0583,Male,47,3327,111310,682,Employed,0,360,Rural,1
LP0584,Male,22,8278,234229,828,Employed,1,360,Rural,1
LP0585,Female,61,9249,314289,686,Self-Employed,2,360,Rural,1
LP0586,Male,33,3939,161051,736,Employed,2,360,Rural,1
LP0587,Male,29,7337,127632,770,Employed,0,360,Semi-Urban,1
LP0588,Male,56,4027,154393,595,Employed,1,360,Urban,0
LP0589,Male,42,500,14895,720,Unemployed,2,360,Rural,1
LP0590,Male,62,3211,102507,741,Employed,0,180,Rural,1
LP0591,Male,46,4469,154707,557,Self-Employed,1,360,Rural,0
LP0592,Female,32,5400,230464,825,Employed,0,360,Semi-Urban,1
LP0593,Male,37,2891,48284,728,Employed,0,360,Semi-Urban,1
LP0594,Male,34,3775,59963,588,Employed,1,120,Urban,0
LP0595,Female,34,2525,51378,842,Employed,2,360,Semi-Urban,1
LP0596,Male,54,7101,316657,727,Employed,0,360,Urban,1
LP0597,Female,40,4356,158786,711,Employed,1,360,Urban,1
LP0598,Male,31,4883,163283,653,Employed,1,180,Semi-Urban,0
LP0599,Male,36,830,13621,572,Unemployed,1,360,Semi-Urban,0
LP0600,Male,51,7089,293295,836,Employed,2,360,Urban,1
LP0601,Male,26,6153,242321,672,Self-Employed,0,360,Rural,1
LP0602,Male,39,4312,150678,603,Employed,3,180,Rural,1
LP0603,Male,57,3238,81513,583,Employed,1,360,Semi-Urban,1
LP0604,Male,24,3075,52629,791,Employed,1,240,Semi-Urban,1
LP0605,Male,24,5917,191717,662,Employed,2,180,Rural,1
LP0606,Male,40,3943,144277,572,Employed,0,360,Urban,0
LP0607,Male,30,5577,99422,595,Employed,0,360,Semi-Urban,0
LP0608,Male,44,3449,117310,684,Employed,2,360,Urban,0
LP0609,Male,55,5283,124631,667,Employed,1,360,Semi-Urban,0
LP0610,Female,46,12729,482776,738,Self-Employed,2,240,Semi-Urban,1
LP0611,Male,57,8893,277359,680,Self-Employed,4,360,Semi-Urban,1
LP0612,Female,58,4167,78635,761,Employed,0,180,Urban,1
LP0613,Female,41,5447,167743,662,Employed,1,360,Urban,1
LP0614,Male,60,4463,119930,593,Employed,1,360,Semi-Urban,1
LP0615,Female,59,4930,100624,677,Employed,0,360,Semi-Urban,1
LP0616,Female,41,4314,173618,707,Employed,2,360,Semi-Urban,1
LP0617,Male,30,4602,70552,822,Employed,2,360,Urban,1
LP0618,Male,58,5349,130322,594,Employed,1,360,Semi-Urban,0
LP0619,Female,24,3303,50793,657,Employed,0,240,Urban,1
LP0620,Female,65,3273,58521,768,Employed,0,180,Urban,1
LP0621,Male,40,3313,79223,726,Self-Employed,0,360,Semi-Urban,1
LP0622,Male,37,2980,49551,777,Self-Employed,2,360,Semi-Urban,1
LP0623,Male,27,3020,99354,740,Employed,0,180,Urban,1
LP0624,Male,24,1191,20968,645,Unemployed,2,180,Urban,0
LP0625,Female,49,667,24046,765,Unemployed,1,360,Semi-Urban,0
LP0626,Male,34,5238,86842,739,Employed,2,360,Urban,1
LP0627,Male,23,4983,83611,724,Employed,1,240,Semi-Urban,1
LP0628,Female,44,2236,54021,839,Employed,1,240,Semi-Urban,1
LP0629,Male,57,1296,54298,621,Unemployed,1,360,Urban,0
LP0630,Male,36,9849,337247,781,Self-Employed,2,360,Urban,1
LP0631,Female,24,8268,315043,753,Employed,1,120,Rural,1
LP0632,Female,44,5246,100967,762,Employed,1,120,Semi-Urban,1
LP0633,Male,54,3046,121912,589,Employed,1,360,Semi-Urban,0
LP0634,Male,50,4499,68584,824,Employed,0,360,Semi-Urban,1
LP0635,Male,38,3652,78122,631,Employed,1,360,Semi-Urban,1
LP0636,Male,39,5157,172670,730,Self-Employed,4,360,Rural,1
LP0637,Male,51,4732,124249,632,Employed,0,120,Semi-Urban,0
LP0638,Male,39,6203,276193,811,Self-Employed,0,360,Urban,1
LP0639,Male,39,8152,129699,821,Self-Employed,0,360,Semi-Urban,1
LP0640,Male,42,8766,394101,749,Self-Employed,1,180,Semi-Urban,0
LP0641,Male,44,4658,157015,789,Employed,0,360,Semi-Urban,1
LP0642,Male,65,5775,183420,729,Employed,1,360,Semi-Urban,1
LP0643,Male,32,3945,66218,720,Employed,0,180,Rural,1
LP0644,Male,50,8315,192906,844,Employed,0,240,Semi-Urban,1
LP0645,Male,58,3919,167497,726,Employed,2,120,Urban,1
LP0646,Female,51,7933,203302,786,Employed,0,240,Urban,1
LP0647,Male,56,2723,94895,687,Employed,4,360,Semi-Urban,0
LP0648,Female,39,4221,189881,678,Employed,0,360,Urban,1
LP0649,Female,65,4305,98550,598,Employed,1,360,Urban,0
LP0650,Male,56,5495,177391,713,Employed,0,120,Semi-Urban,1
LP0651,Male,50,10207,366361,826,Self-Employed,0,360,Semi-Urban,1
LP0652,Male,53,3552,70822,842,Self-Employed,4,360,Rural,1
LP0653,Male,38,3155,61396,665,Employed,2,360,Urban,0
LP0654,Female,48,2805,80473,573,Employed,0,120,Urban,0
LP0655,Male,31,8333,221444,574,Employed,1,180,Urban,0
LP0656,Male,65,5536,201656,676,Employed,1,240,Semi-Urban,0
LP0657,Male,53,3185,54416,783,Employed,0,360,Urban,1
LP0658,Male,37,5315,234736,758,Self-Employed,0,360,Semi-Urban,1
LP0659,Female,26,7884,121636,642,Employed,3,360,Urban,0
LP0660,Male,24,4397,145274,643,Employed,3,360,Semi-Urban,1
LP0661,Male,40,4294,136888,774,Employed,4,240,Rural,0
LP0662,Female,47,3595,68454,829,Employed,2,360,Urban,1
LP0663,Female,35,3261,63679,560,Employed,1,360,Semi-Urban,1
LP0664,Male,26,7889,305937,561,Employed,0,240,Semi-Urban,0
LP0665,Male,34,9600,399617,584,Employed,0,240,Rural,0
LP0666,Male,31,3314,77847,777,Employed,0,360,Semi-Urban,1
LP0667,Male,59,8621,242585,769,Employed,1,180,Semi-Urban,1
LP0668,Male,29,4044,103727,690,Employed,2,120,Rural,0
LP0669,Male,46,6084,104501,572,Employed,2,360,Semi-Urban,1
LP0670,Male,36,969,34105,505,Unemployed,3,360,Semi-Urban,0
LP0671,Male,25,3984,158387,778,Employed,2,180,Urban,1
LP0672,Female,30,5987,144564,629,Employed,4,360,Semi-Urban,1
LP0673,Male,23,8253,368952,839,Employed,0,360,Rural,1
LP0674,Male,33,3156,54521,708,Employed,2,360,Rural,1
LP0675,Male,63,4246,147988,677,Employed,1,240,Rural,1
LP0676,Female,50,4626,131595,739,Employed,0,360,Rural,1
LP0677,Male,65,3301,93741,580,Self-Employed,4,360,Semi-Urban,0
LP0678,Male,26,6226,178869,564,Employed,2,360,Rural,0
LP0679,Female,37,3679,83735,624,Employed,0,240,Semi-Urban,1
LP0680,Female,65,4545,165741,583,Employed,0,180,Semi-Urban,0
LP0681,Female,39,5292,193937,745,Self-Employed,1,360,Urban,1
LP0682,Male,62,3584,84123,578,Employed,1,120,Urban,0
LP0683,Male,55,4900,196290,743,Employed,3,360,Rural,0
LP0684,Female,46,4508,110470,565,Employed,0,180,Semi-Urban,1
LP0685,Female,25,4235,155648,626,Employed,0,240,Urban,0
LP0686,Male,49,3672,68409,842,Employed,0,360,Urban,1
LP0687,Male,57,5584,112020,630,Employed,0,180,Rural,0
LP0688,Male,40,9522,233040,673,Employed,0,360,Semi-Urban,0
LP0689,Female,41,5197,170545,568,Employed,3,120,Semi-Urban,0
LP0690,Male,30,7320,251554,651,Employed,0,360,Semi-Urban,1
LP0691,Male,25,2818,75777,626,Employed,1,360,Semi-Urban,0
LP0692,Male,56,7178,124431,778,Self-Employed,0,240,Urban,1
LP0693,Male,26,3168,83030,846,Employed,0,360,Semi-Urban,1
LP0694,Male,46,2722,97074,752,Employed,2,240,Rural,1
LP0695,Male,24,3656,128434,610,Employed,1,360,Semi-Urban,1
LP0696,Female,59,7916,156783,575,Employed,2,360,Semi-Urban,1
LP0697,Male,59,10668,162511,620,Self-Employed,1,240,Urban,0
LP0698,Male,55,5416,203584,652,Employed,0,360,Semi-Urban,1
LP0699,Male,21,2662,48424,706,Employed,1,360,Urban,1
LP0700,Male,44,4543,79368,743,Employed,0,360,Semi-Urban,1
LP0701,Male,56,5545,83624,824,Employed,2,180,Semi-Urban,1
LP0702,Male,26,5272,147500,735,Employed,0,360,Rural,1
LP0703,Male,61,2350,70730,662,Employed,1,240,Semi-Urban,0
LP0704,Male,64,3442,117475,714,Employed,0,360,Urban,1
LP0705,Male,51,6425,153441,610,Self-Employed,1,120,Semi-Urban,1
LP0706,Female,40,6090,221144,641,Employed,3,360,Semi-Urban,1
LP0707,Male,44,2212,44416,835,Self-Employed,1,180,Urban,1
LP0708,Female,45,6117,244433,702,Self-Employed,1,360,Semi-Urban,1
LP0709,Male,56,7126,229139,774,Self-Employed,3,360,Rural,1
LP0710,Female,41,6903,224462,676,Employed,1,360,Urban,1
LP0711,Female,50,6484,138065,742,Employed,0,360,Semi-Urban,1
LP0712,Male,44,8877,152890,664,Self-Employed,0,360,Rural,1
LP0713,Male,64,3568,103264,811,Employed,2,360,Semi-Urban,1
LP0714,Male,62,2291,76676,567,Employed,2,360,Semi-Urban,0
LP0715,Male,50,5450,97290,559,Self-Employed,0,360,Urban,0
LP0716,Female,42,10946,476326,641,Self-Employed,0,360,Urban,1
LP0717,Female,48,8581,381103,688,Employed,4,360,Semi-Urban,1
LP0718,Female,27,6530,204804,601,Employed,0,180,Semi-Urban,1
LP0719,Male,55,5835,253834,744,Employed,1,360,Rural,1
LP0720,Female,48,8021,163494,755,Self-Employed,0,180,Urban,1
LP0721,Female,34,895,14107,723,Unemployed,2,360,Semi-Urban,0
LP0722,Male,30,4676,75668,642,Employed,0,360,Urban,0
LP0723,Male,36,3914,127695,694,Employed,1,360,Urban,1
LP0724,Female,36,5028,84718,635,Self-Employed,0,120,Semi-Urban,0
LP0725,Male,51,10678,467230,702,Employed,1,180,Semi-Urban,0
LP0726,Female,62,3652,70330,551,Employed,2,360,Urban,0
LP0727,Male,45,1134,27376,689,Unemployed,0,240,Urban,0
LP0728,Female,33,8239,326886,713,Employed,1,360,Semi-Urban,1
LP0729,Male,26,6212,133944,555,Employed,1,360,Rural,1
LP0730,Male,64,3660,81577,698,Employed,0,360,Rural,1
LP0731,Male,29,2790,95611,754,Employed,2,180,Urban,1
LP0732,Female,65,7400,172291,667,Self-Employed,0,360,Rural,0
LP0733,Female,56,7359,158390,638,Employed,2,120,Semi-Urban,1
LP0734,Male,63,982,22218,554,Unemployed,0,360,Rural,0
LP0735,Male,40,3505,104166,716,Employed,0,120,Urban,1
LP0736,Female,38,3450,151741,710,Employed,0,360,Semi-Urban,1
LP0737,Male,63,1745,69742,819,Employed,1,120,Rural,1
LP0738,Female,41,5033,118468,605,Employed,1,360,Urban,1
LP0739,Male,24,7185,186100,777,Employed,2,120,Rural,1
LP0740,Male,53,3276,94792,698,Employed,0,360,Rural,1
LP0741,Male,47,6899,306094,595,Employed,0,360,Rural,1
LP0742,Male,27,3247,65497,693,Employed,2,120,Urban,1
LP0743,Female,26,6165,158591,787,Self-Employed,2,360,Urban,1
LP0744,Male,35,6641,244938,821,Employed,0,360,Urban,1
LP0745,Male,38,3663,160872,669,Self-Employed,1,180,Rural,1
LP0746,Female,52,5284,103937,769,Employed,0,120,Urban,1
LP0747,Male,31,7990,174352,557,Employed,2,360,Semi-Urban,1
LP0748,Male,40,5940,129318,824,Employed,2,120,Semi-Urban,1
LP0749,Female,44,3683,57557,615,Employed,2,120,Semi-Urban,1
LP0750,Female,35,9022,298839,628,Employed,2,240,Urban,1
LP0751,Male,27,9220,323816,635,Self-Employed,0,360,Semi-Urban,0
LP0752,Female,41,2616,86526,673,Self-Employed,2,360,Rural,1
LP0753,Female,62,6944,119018,751,Employed,1,120,Urban,1
LP0754,Male,46,3910,66770,699,Employed,0,360,Rural,1
LP0755,Male,64,7319,155979,595,Self-Employed,1,360,Semi-Urban,0
LP0756,Female,34,7355,174378,662,Employed,3,240,Semi-Urban,0
LP0757,Female,57,5040,194525,640,Self-Employed,2,180,Semi-Urban,0
LP0758,Male,41,2913,57624,690,Self-Employed,0,360,Urban,0
LP0759,Female,38,14083,229873,838,Self-Employed,2,360,Semi-Urban,1
LP0760,Female,25,7830,209997,767,Employed,2,240,Rural,1
LP0761,Male,23,4746,130475,626,Employed,0,360,Urban,1
LP0762,Male,43,6914,197237,701,Employed,1,360,Semi-Urban,1
LP0763,Male,46,4239,168742,788,Employed,2,180,Urban,1
LP0764,Female,57,6963,124917,664,Self-Employed,1,360,Semi-Urban,0
LP0765,Male,44,4639,167552,643,Employed,0,360,Semi-Urban,1
LP0766,Male,39,4308,108296,597,Employed,2,360,Semi-Urban,0
LP0767,Female,45,7939,192912,740,Self-Employed,3,360,Urban,1
LP0768,Female,41,3626,155832,561,Self-Employed,1,180,Rural,0
LP0769,Male,32,1206,27079,632,Unemployed,2,360,Urban,1
LP0770,Female,61,5850,200514,721,Self-Employed,0,360,Semi-Urban,1
LP0771,Male,53,11773,273767,845,Employed,0,360,Semi-Urban,1
LP0772,Female,24,6174,186543,726,Employed,1,240,Rural,1
LP0773,Male,62,4962,191477,606,Self-Employed,0,240,Urban,1
LP0774,Male,27,3848,159506,752,Employed,2,180,Rural,1
LP0775,Female,42,4735,190161,734,Employed,0,240,Semi-Urban,1
LP0776,Male,53,4465,144958,670,Employed,1,240,Semi-Urban,0
LP0777,Male,37,7682,172572,775,Employed,0,360,Semi-Urban,1
LP0778,Female,44,7282,253683,751,Self-Employed,3,120,Rural,1
LP0779,Female,54,3667,133101,765,Employed,0,360,Semi-Urban,1
LP0780,Female,48,10469,160393,592,Employed,0,180,Rural,0
LP0781,Female,63,5012,141219,572,Employed,0,120,Urban,0
LP0782,Male,61,6684,269350,704,Employed,2,240,Rural,1
LP0783,Male,59,3853,114386,735,Employed,0,180,Urban,1
LP0784,Male,42,5683,138331,798,Employed,0,360,Semi-Urban,1
LP0785,Male,37,802,33005,710,Unemployed,0,240,Semi-Urban,1
LP0786,Female,54,13279,261283,842,Employed,2,360,Semi-Urban,1
LP0787,Male,26,8111,171899,683,Employed,0,360,Urban,1
LP0788,Male,26,3102,110496,571,Employed,0,360,Semi-Urban,1
LP0789,Male,54,5645,144360,637,Employed,0,360,Urban,0
LP0790,Female,21,8806,320454,702,Employed,1,120,Semi-Urban,1
LP0791,Male,30,3139,61935,674,Self-Employed,2,360,Urban,1
LP0792,Male,41,5068,114374,628,Employed,1,360,Semi-Urban,1
LP0793,Male,25,7058,139038,600,Self-Employed,3,180,Urban,0
LP0794,Female,22,2951,128626,765,Employed,3,120,Urban,1
LP0795,Male,42,5720,155367,725,Employed,0,180,Urban,1
LP0796,Female,22,7680,192895,802,Employed,2,360,Semi-Urban,1
LP0797,Female,30,1102,16999,709,Unemployed,2,360,Rural,0
LP0798,Male,54,8984,176109,776,Employed,2,240,Rural,1
LP0799,Female,36,17340,479174,655,Employed,1,360,Urban,1
LP0800,Female,59,3135,53467,742,Employed,1,360,Semi-Urban,1
LP0801,Female,42,5416,164224,585,Employed,1,360,Semi-Urban,0
LP0802,Male,32,2137,61226,753,Employed,2,180,Semi-Urban,1
LP0803,Male,44,6131,233070,816,Employed,0,360,Semi-Urban,1
LP0804,Female,60,3947,137332,817,Employed,0,360,Urban,1
LP0805,Male,58,10608,301038,719,Employed,0,360,Semi-Urban,0
LP0806,Female,30,3605,78372,588,Employed,0,360,Semi-Urban,0
LP0807,Female,55,2850,104896,688,Self-Employed,1,360,Urban,1
LP0808,Female,52,5241,189912,841,Self-Employed,0,180,Semi-Urban,1
LP0809,Male,27,2470,48409,601,Self-Employed,0,360,Semi-Urban,1
LP0810,Male,41,6637,281691,836,Employed,3,360,Urban,1
LP0811,Female,40,2151,36421,838,Employed,1,360,Semi-Urban,1
LP0812,Female,46,4971,82772,690,Employed,2,120,Rural,0
LP0813,Male,24,2140,44127,695,Employed,0,120,Rural,1
LP0814,Female,42,4323,182792,733,Employed,0,360,Semi-Urban,1
LP0815,Female,35,9483,290179,701,Employed,2,120,Semi-Urban,1
LP0816,Male,60,5677,219349,750,Employed,2,120,Semi-Urban,1
LP0817,Male,41,3479,75964,677,Employed,0,240,Semi-Urban,1
LP0818,Male,35,6531,194014,836,Self-Employed,3,360,Urban,1
LP0819,Male,42,4950,127455,802,Employed,3,240,Semi-Urban,1
LP0820,Male,48,5937,236499,815,Employed,3,360,Semi-Urban,1
LP0821,Female,34,2844,44588,737,Employed,1,360,Semi-Urban,1
LP0822,Male,47,6229,139001,779,Employed,0,120,Rural,1
LP0823,Male,61,1666,32615,820,Employed,1,360,Rural,1
LP0824,Male,60,4841,197395,808,Self-Employed,1,360,Urban,1
LP0825,Male,48,5197,150849,848,Self-Employed,0,360,Urban,1
LP0826,Female,46,6331,171738,747,Employed,2,360,Urban,1
LP0827,Male,22,694,19768,462,Unemployed,0,360,Semi-Urban,0
LP0828,Male,45,1004,44334,612,Unemployed,1,360,Semi-Urban,0
LP0829,Female,23,4054,164219,820,Self-Employed,0,180,Rural,1
LP0830,Male,28,7327,265171,658,Self-Employed,2,360,Semi-Urban,0
LP0831,Male,64,4761,112904,665,Employed,0,360,Rural,1
LP0832,Male,53,3898,77785,641,Employed,2,360,Semi-Urban,1
LP0833,Male,62,4054,172874,687,Employed,1,360,Rural,1
LP0834,Male,55,6492,179778,606,Employed,2,180,Semi-Urban,1
LP0835,Male,26,921,21517,511,Unemployed,4,360,Semi-Urban,0
LP0836,Male,59,4796,139696,620,Employed,1,240,Semi-Urban,1
LP0837,Female,43,5034,214123,631,Self-Employed,4,360,Semi-Urban,0
LP0838,Male,45,15402,409878,654,Self-Employed,0,120,Semi-Urban,1
LP0839,Male,63,16679,500000,637,Self-Employed,0,360,Urban,0
LP0840,Female,39,832,32522,439,Unemployed,0,360,Urban,0
LP0841,Male,25,3746,104191,633,Employed,0,360,Semi-Urban,1
LP0842,Female,31,4327,95221,592,Employed,2,360,Semi-Urban,0
LP0843,Male,32,3595,161184,703,Employed,0,360,Urban,1
LP0844,Female,30,4429,193534,643,Employed,1,360,Urban,0
LP0845,Male,28,9315,375435,847,Employed,1,360,Urban,1
LP0846,Male,44,6774,241501,682,Employed,1,360,Semi-Urban,1
LP0847,Male,48,10209,243443,614,Self-Employed,1,360,Urban,1
LP0848,Female,61,2789,118260,839,Employed,2,360,Urban,1
LP0849,Male,56,3101,72150,806,Employed,0,240,Urban,1
LP0850,Male,57,1578,61580,762,Employed,0,360,Urban,1
LP0851,Male,41,3555,151257,697,Employed,1,240,Rural,1
LP0852,Female,28,7206,238447,610,Employed,1,360,Urban,1
LP0853,Male,29,8591,335836,698,Self-Employed,1,240,Semi-Urban,1
LP0854,Female,35,4498,174301,637,Employed,2,360,Semi-Urban,0
LP0855,Male,60,6560,136413,827,Self-Employed,1,180,Rural,1
LP0856,Male,38,3731,130725,631,Employed,1,180,Urban,1
LP0857,Male,62,7349,130841,678,Self-Employed,0,180,Urban,1
LP0858,Male,40,6676,201852,835,Employed,1,120,Urban,1
LP0859,Male,26,2575,51157,829,Employed,2,360,Urban,1
LP0860,Male,32,5540,152297,819,Employed,0,180,Semi-Urban,1
LP0861,Female,22,10574,422848,841,Self-Employed,0,180,Urban,1
LP0862,Male,27,4162,185687,752,Employed,2,120,Urban,0
LP0863,Male,36,6504,159600,573,Employed,0,360,Rural,0
LP0864,Male,23,599,18544,629,Unemployed,0,360,Semi-Urban,0
LP0865,Male,65,27101,500000,829,Self-Employed,1,180,Urban,1
LP0866,Male,23,8501,370916,754,Employed,0,360,Urban,1
LP0867,Male,47,2932,86076,701,Self-Employed,2,360,Urban,1
LP0868,Male,63,5399,194219,575,Employed,0,180,Rural,0
LP0869,Female,60,3959,168865,743,Employed,2,360,Rural,1
LP0870,Female,58,5165,135330,787,Employed,1,180,Rural,1
LP0871,Male,53,626,26331,549,Unemployed,2,360,Rural,0
LP0872,Male,48,1081,45968,598,Unemployed,0,120,Semi-Urban,0
LP0873,Female,21,6528,280180,848,Employed,1,360,Urban,1
LP0874,Male,28,4021,92938,578,Employed,1,120,Semi-Urban,0
LP0875,Male,57,8696,234884,714,Employed,1,360,Semi-Urban,1
LP0876,Male,52,1379,56693,682,Unemployed,1,360,Rural,0
LP0877,Female,63,1148,29589,525,Unemployed,2,120,Semi-Urban,0
LP0878,Female,57,5432,179297,844,Employed,3,360,Semi-Urban,0
LP0879,Male,24,9942,184340,591,Self-Employed,0,240,Rural,0
LP0880,Male,50,5442,90817,834,Self-Employed,0,360,Urban,1
LP0881,Male,26,3615,98905,687,Employed,2,180,Rural,1
LP0882,Female,39,6670,215891,736,Employed,0,120,Urban,1
LP0883,Male,52,7715,206615,753,Employed,4,360,Semi-Urban,1
LP0884,Male,29,3409,110220,591,Employed,1,360,Urban,1
LP0885,Female,32,3903,118856,837,Employed,1,360,Semi-Urban,1
LP0886,Male,31,4604,163769,575,Employed,0,180,Semi-Urban,0
LP0887,Female,36,725,25002,555,Unemployed,0,240,Semi-Urban,0
LP0888,Male,21,9394,260470,802,Employed,1,360,Rural,1
LP0889,Male,65,4111,114079,671,Employed,3,360,Semi-Urban,1
LP0890,Male,41,5142,98846,655,Employed,4,240,Semi-Urban,1
LP0891,Female,50,4250,129187,679,Employed,0,240,Urban,1
LP0892,Female,33,2201,71786,707,Employed,0,240,Rural,0
LP0893,Female,54,4207,123242,780,Employed,0,180,Urban,1
LP0894,Male,24,4349,107730,640,Employed,2,240,Urban,0
LP0895,Female,48,6332,232064,571,Employed,0,180,Urban,0
LP0896,Male,58,3717,64080,839,Employed,0,360,Semi-Urban,1
LP0897,Male,51,9618,408122,659,Employed,0,360,Rural,1
LP0898,Female,47,2550,39829,598,Self-Employed,0,240,Urban,0
LP0899,Male,25,8303,364256,678,Employed,4,240,Semi-Urban,0
LP0900,Male,45,4492,129687,622,Employed,1,180,Rural,0
LP0901,Male,23,10196,279167,602,Self-Employed,0,360,Semi-Urban,1
LP0902,Male,53,5074,115145,717,Employed,0,360,Rural,0
LP0903,Male,24,7752,118622,594,Employed,0,360,Urban,0
LP0904,Male,45,5466,127050,654,Self-Employed,0,360,Semi-Urban,1
LP0905,Male,40,3167,57899,699,Employed,0,360,Urban,1
LP0906,Female,54,8675,301843,695,Employed,1,240,Rural,1
LP0907,Female,46,6268,154018,753,Self-Employed,0,120,Semi-Urban,1
LP0908,Male,25,7411,281731,848,Self-Employed,0,360,Semi-Urban,1
LP0909,Male,55,832,17644,617,Unemployed,0,180,Urban,1
LP0910,Male,48,7384,310180,750,Employed,2,360,Urban,1
LP0911,Male,49,6688,205251,683,Employed,1,360,Urban,1
LP0912,Male,29,6372,117469,760,Employed,1,360,Semi-Urban,1
LP0913,Female,58,6798,183718,597,Employed,1,240,Urban,0
LP0914,Male,26,4607,97681,675,Employed,1,360,Semi-Urban,1
LP0915,Male,39,3827,80330,788,Employed,0,360,Urban,1
LP0916,Male,64,782,23609,421,Unemployed,3,360,Rural,0
LP0917,Male,31,8437,296617,821,Employed,0,360,Urban,1
LP0918,Female,22,7005,296651,586,Employed,1,360,Urban,0
LP0919,Female,64,4793,144100,760,Employed,2,120,Rural,1
LP0920,Male,64,5416,238169,714,Employed,1,360,Semi-Urban,1
LP0921,Female,29,4369,188955,674,Employed,3,240,Semi-Urban,1
LP0922,Male,41,8456,346289,741,Employed,1,180,Urban,1
LP0923,Female,44,4536,136076,767,Employed,2,360,Semi-Urban,1
LP0924,Female,54,5392,103672,763,Employed,2,360,Semi-Urban,1
LP0925,Male,42,11766,253405,611,Self-Employed,4,180,Urban,0
LP0926,Male,23,4497,154832,710,Self-Employed,3,120,Semi-Urban,1
LP0927,Male,32,9168,253519,615,Employed,2,240,Semi-Urban,0
LP0928,Male,48,2664,51692,835,Employed,2,360,Urban,1
LP0929,Female,50,14985,440106,788,Self-Employed,0,240,Rural,1
LP0930,Male,46,5506,85469,569,Self-Employed,0,120,Rural,1
LP0931,Male,41,4460,165095,737,Employed,1,120,Urban,1
LP0932,Female,48,2578,44360,631,Self-Employed,4,360,Semi-Urban,0
LP0933,Female,46,4097,138779,751,Employed,2,360,Urban,1
LP0934,Male,53,3944,152988,681,Self-Employed,3,240,Rural,1
LP0935,Male,41,899,17062,526,Unemployed,2,360,Semi-Urban,0
LP0936,Male,55,5155,157532,681,Employed,0,180,Urban,0
LP0937,Male,54,4828,185260,626,Self-Employed,0,360,Urban,0
LP0938,Female,61,9640,219975,638,Employed,0,360,Urban,0
LP0939,Male,38,919,18276,679,Unemployed,0,240,Semi-Urban,0
LP0940,Male,31,7332,184066,743,Employed,1,240,Semi-Urban,1
LP0941,Male,43,4593,145326,725,Self-Employed,4,360,Urban,0
LP0942,Male,42,9532,307486,582,Employed,2,120,Urban,0
LP0943,Female,37,4459,84392,607,Employed,1,360,Urban,0
LP0944,Female,25,4919,141308,750,Employed,0,240,Urban,1
LP0945,Male,64,1191,27450,469,Unemployed,0,240,Semi-Urban,0
LP0946,Male,31,5762,231982,584,Self-Employed,1,360,Semi-Urban,0
LP0947,Male,50,6969,170094,674,Self-Employed,0,360,Semi-Urban,1
LP0948,Female,35,868,34859,480,Unemployed,0,360,Rural,0
LP0949,Female,47,4806,133880,634,Employed,1,120,Rural,0
LP0950,Male,55,5626,207023,737,Employed,0,360,Semi-Urban,1
LP0951,Female,53,7020,212718,660,Employed,3,360,Semi-Urban,1
LP0952,Female,40,4923,165702,820,Employed,0,360,Rural,1
LP0953,Male,36,6295,169088,654,Employed,0,360,Urban,0
LP0954,Female,54,9464,360069,590,Employed,0,120,Urban,0
LP0955,Male,22,5724,158873,764,Employed,0,360,Urban,1
LP0956,Male,55,5567,159905,620,Employed,1,360,Semi-Urban,0
LP0957,Male,60,2676,81699,605,Employed,2,240,Rural,0
LP0958,Male,48,1715,68522,785,Employed,1,360,Semi-Urban,1
LP0959,Male,59,886,30816,700,Unemployed,1,180,Semi-Urban,1
LP0960,Female,26,4523,115222,654,Self-Employed,0,240,Semi-Urban,1
LP0961,Male,29,1049,36829,626,Unemployed,1,360,Urban,0
LP0962,Female,40,4847,166120,740,Employed,0,240,Urban,1
LP0963,Male,21,7303,313522,558,Employed,0,240,Urban,0
LP0964,Male,28,5951,239483,609,Self-Employed,2,360,Urban,1
LP0965,Male,43,6066,208812,774,Employed,2,360,Rural,1
LP0966,Male,23,4060,102495,737,Employed,2,360,Rural,1
LP0967,Female,24,3789,145449,619,Employed,0,360,Rural,1
LP0968,Male,45,5083,163958,842,Employed,0,120,Semi-Urban,0
LP0969,Male,58,4940,220117,836,Employed,4,360,Rural,1
LP0970,Male,35,5954,133519,718,Employed,0,360,Semi-Urban,1
LP0971,Female,41,4414,76758,611,Employed,0,240,Semi-Urban,0
LP0972,Female,55,2357,40297,563,Employed,0,360,Semi-Urban,0
LP0973,Female,34,4133,141352,713,Employed,0,240,Semi-Urban,0
LP0974,Male,56,9866,425992,794,Self-Employed,0,120,Semi-Urban,1
LP0975,Male,32,4363,65697,557,Employed,1,360,Semi-Urban,1
LP0976,Male,37,4453,163750,703,Employed,1,360,Urban,0
LP0977,Male,59,10863,377075,585,Self-Employed,3,240,Semi-Urban,0
LP0978,Male,29,3696,136637,597,Employed,0,240,Semi-Urban,0
LP0979,Male,55,2651,68030,634,Employed,0,360,Urban,1
LP0980,Male,33,4608,182545,577,Employed,1,180,Rural,0
LP0981,Male,35,4049,66165,745,Employed,1,240,Urban,0
LP0982,Female,38,3339,125756,757,Employed,1,360,Urban,1
LP0983,Male,53,6077,139844,753,Self-Employed,2,360,Urban,1
LP0984,Male,26,5982,175303,653,Employed,0,360,Rural,1
LP0985,Female,47,4896,194268,779,Employed,2,360,Semi-Urban,1
LP0986,Male,43,5556,128570,650,Employed,1,360,Semi-Urban,0
LP0987,Female,47,10151,208666,578,Employed,0,360,Rural,0
LP0988,Male,54,4284,151822,676,Employed,2,180,Urban,0
LP0989,Male,58,5493,170293,559,Employed,1,360,Urban,0
LP0990,Female,34,4009,122002,655,Employed,0,360,Urban,1
LP0991,Female,56,3503,79528,716,Employed,0,120,Semi-Urban,1
LP0992,Female,28,3889,62404,806,Employed,0,180,Semi-Urban,1
LP0993,Male,55,4058,110816,844,Employed,1,360,Urban,1
LP0994,Male,39,7940,144482,826,Self-Employed,0,120,Urban,1
LP0995,Male,50,12577,500000,614,Employed,0,180,Urban,0
LP0996,Male,34,3690,59916,820,Employed,0,360,Semi-Urban,1
LP0997,Female,40,4160,116270,737,Employed,2,360,Urban,1
LP0998,Male,45,6428,106495,687,Self-Employed,2,360,Urban,1
LP0999,Female,60,5757,102856,654,Employed,2,180,Semi-Urban,0
LP1000,Male,44,5461,189857,583,Employed,0,120,Semi-Urban,0
LP1001,Male,34,12607,433848,659,Self-Employed,3,360,Semi-Urban,1
LP1002,Male,46,1972,31535,582,Self-Employed,1,120,Semi-Urban,0
LP1003,Female,58,1891,28429,780,Employed,2,360,Semi-Urban,1
LP1004,Female,43,4030,69979,815,Employed,1,180,Semi-Urban,1
LP1005,Female,42,11483,435090,731,Self-Employed,1,360,Rural,1
LP1006,Female,39,1426,46398,509,Unemployed,2,360,Urban,0
LP1007,Female,23,3032,48947,550,Self-Employed,0,180,Semi-Urban,0
LP1008,Female,62,4936,146317,682,Employed,1,360,Semi-Urban,1
LP1009,Male,39,6151,223655,629,Employed,2,240,Urban,1
LP1010,Male,29,2448,100535,820,Employed,2,240,Semi-Urban,1
LP1011,Male,48,5510,237046,790,Self-Employed,3,360,Urban,1
LP1012,Female,40,2543,63125,577,Employed,1,240,Semi-Urban,0
LP1013,Female,65,6259,119390,772,Employed,0,360,Semi-Urban,1
LP1014,Male,27,4731,104591,572,Self-Employed,0,240,Urban,1
LP1015,Female,34,2621,100345,658,Employed,1,180,Semi-Urban,1
LP1016,Female,29,4460,196884,656,Self-Employed,1,120,Semi-Urban,1
LP1017,Male,39,5217,151250,694,Employed,0,360,Semi-Urban,1
LP1018,Male,34,4527,109375,688,Employed,0,360,Rural,1
LP1019,Female,58,3074,85689,833,Employed,1,240,Urban,1
LP1020,Male,56,2828,68280,847,Self-Employed,2,240,Semi-Urban,1
LP1021,Female,60,5062,114880,648,Employed,4,360,Rural,0
LP1022,Male,37,3895,127804,672,Employed,2,360,Urban,0
LP1023,Female,50,803,12424,697,Unemployed,2,360,Semi-Urban,0
LP1024,Female,29,4432,100990,630,Employed,1,360,Rural,0
LP1025,Female,53,6762,235597,559,Employed,4,360,Semi-Urban,0
LP1026,Male,45,2336,37286,557,Employed,1,240,Urban,0
LP1027,Female,34,5005,87567,754,Employed,2,120,Semi-Urban,1
LP1028,Female,31,6144,146238,746,Employed,3,180,Semi-Urban,0
LP1029,Male,55,10328,426899,747,Employed,3,360,Rural,1
LP1030,Female,61,4053,153797,579,Employed,0,360,Urban,0
LP1031,Male,34,5595,87643,569,Employed,0,360,Rural,0
LP1032,Male,50,2388,71762,597,Employed,0,180,Semi-Urban,0
LP1033,Male,61,1887,43855,679,Employed,0,360,Urban,1
LP1034,Male,24,6890,237425,842,Employed,0,360,Semi-Urban,1
LP1035,Male,24,4903,179678,681,Employed,0,360,Semi-Urban,0
LP1036,Female,48,7874,321935,603,Employed,0,120,Urban,0
LP1037,Male,28,2837,83017,830,Employed,1,360,Urban,1
LP1038,Female,22,6050,271242,814,Employed,2,120,Rural,1
LP1039,Male,61,16888,500000,764,Self-Employed,0,360,Rural,1
LP1040,Male,42,5813,241036,839,Employed,1,360,Urban,1
LP1041,Male,61,1015,32729,522,Unemployed,2,180,Urban,0
LP1042,Female,36,1490,40140,561,Unemployed,1,360,Rural,0
LP1043,Male,49,2621,67966,827,Employed,3,120,Semi-Urban,1
LP1044,Female,50,8452,129854,791,Employed,0,360,Urban,1
LP1045,Female,32,3849,86507,679,Employed,0,240,Rural,0
LP1046,Female,55,8537,312148,743,Self-Employed,1,360,Urban,1
LP1047,Male,31,2630,87076,581,Employed,0,360,Semi-Urban,0
LP1048,Male,41,3066,130282,655,Employed,1,240,Semi-Urban,0
LP1049,Female,41,8725,143968,753,Employed,0,360,Semi-Urban,1
LP1050,Male,25,5576,109614,550,Self-Employed,0,360,Urban,0
LP1051,Female,40,13720,500000,794,Self-Employed,0,180,Semi-Urban,1
LP1052,Male,57,4763,122672,621,Employed,0,360,Rural,1
LP1053,Female,23,2352,43630,564,Employed,1,360,Semi-Urban,0
LP1054,Female,64,7022,315242,602,Employed,1,360,Semi-Urban,0
LP1055,Female,53,3881,149874,557,Employed,0,360,Urban,1
LP1056,Male,29,9408,256483,595,Self-Employed,0,360,Rural,0
LP1057,Female,29,4964,197072,663,Employed,0,360,Rural,0
LP1058,Male,24,2651,93893,696,Employed,0,360,Rural,1
LP1059,Male,55,5248,203093,715,Employed,2,360,Semi-Urban,1
LP1060,Female,37,19892,500000,688,Self-Employed,0,180,Rural,1
LP1061,Female,54,8488,148895,666,Self-Employed,2,360,Urban,0
LP1062,Female,44,4802,161775,848,Employed,2,360,Semi-Urban,1
LP1063,Female,52,11357,172666,825,Self-Employed,0,360,Semi-Urban,1
LP1064,Male,21,5346,87159,826,Employed,1,360,Semi-Urban,1
LP1065,Male,28,5344,225086,727,Employed,3,180,Rural,0
LP1066,Female,65,3175,97875,703,Employed,2,360,Semi-Urban,1
LP1067,Male,43,5396,200067,750,Employed,1,360,Urban,1
LP1068,Male,60,7436,298592,664,Employed,2,360,Urban,1
LP1069,Male,32,1218,52967,650,Unemployed,2,120,Urban,0
LP1070,Male,32,3630,149122,591,Employed,0,180,Semi-Urban,0
LP1071,Male,35,4468,131803,796,Employed,2,360,Urban,1
LP1072,Male,61,1989,49882,617,Employed,1,360,Urban,1
LP1073,Male,39,3425,67249,745,Employed,1,240,Semi-Urban,1
LP1074,Male,46,1367,36922,579,Unemployed,4,120,Rural,0
LP1075,Female,49,6659,173099,660,Employed,2,240,Rural,0
LP1076,Male,42,4373,139005,694,Employed,0,120,Rural,1
LP1077,Male,60,6438,225106,824,Self-Employed,0,180,Rural,1
LP1078,Female,41,5987,265522,728,Employed,1,360,Urban,0
LP1079,Male,58,5521,203457,790,Employed,2,360,Rural,1
LP1080,Female,40,2212,75899,702,Employed,1,120,Semi-Urban,1
LP1081,Female,49,3138,78615,653,Employed,3,360,Semi-Urban,0
LP1082,Male,24,1236,19819,500,Unemployed,2,240,Semi-Urban,0
LP1083,Male,27,10558,249630,677,Self-Employed,1,180,Rural,1
LP1084,Female,48,2619,99661,748,Employed,0,180,Semi-Urban,0
LP1085,Female,48,3602,76211,703,Self-Employed,1,360,Urban,0
LP1086,Male,24,4727,171900,605,Employed,1,120,Semi-Urban,1
LP1087,Female,42,2213,71686,827,Employed,1,360,Urban,1
LP1088,Male,32,3285,66211,568,Employed,1,180,Rural,0
LP1089,Female,65,3887,88813,708,Employed,1,240,Semi-Urban,1
LP1090,Male,23,2897,86588,575,Employed,0,180,Semi-Urban,1
LP1091,Female,42,2101,57885,718,Employed,0,360,Rural,1
LP1092,Female,64,1076,41272,453,Unemployed,1,360,Semi-Urban,0
LP1093,Female,22,7814,289369,596,Employed,0,360,Urban,0
LP1094,Male,44,7253,233816,562,Employed,0,240,Urban,1
LP1095,Male,54,3598,142726,766,Employed,0,240,Semi-Urban,1
LP1096,Male,47,5331,169952,743,Employed,1,240,Rural,1
LP1097,Male,61,4092,179768,693,Employed,0,120,Rural,1
LP1098,Male,21,5293,113888,622,Employed,2,360,Rural,1
LP1099,Female,28,14108,500000,705,Self-Employed,1,240,Urban,1
LP1100,Male,43,6261,163401,626,Employed,1,240,Urban,0
LP1101,Male,58,6023,140751,718,Employed,2,360,Urban,0
LP1102,Female,26,4137,84442,836,Employed,0,360,Rural,1
LP1103,Female,42,2714,85694,634,Employed,1,360,Urban,0
LP1104,Female,45,4521,97039,731,Employed,3,240,Urban,0
LP1105,Female,38,12128,254815,846,Self-Employed,2,360,Semi-Urban,1
LP1106,Male,37,2668,119302,661,Employed,3,240,Semi-Urban,0
LP1107,Male,32,3222,125826,779,Employed,2,360,Semi-Urban,1
LP1108,Female,26,5169,193570,645,Employed,0,360,Semi-Urban,0
LP1109,Female,46,3314,128655,717,Employed,0,360,Semi-Urban,1
LP1110,Male,47,3579,157718,705,Employed,1,180,Semi-Urban,1
LP1111,Female,28,5367,172808,654,Self-Employed,0,360,Rural,0
LP1112,Male,39,2846,61494,742,Employed,0,240,Semi-Urban,0
LP1113,Male,62,4076,166570,681,Self-Employed,2,360,Urban,1
LP1114,Male,21,6511,242742,687,Employed,0,360,Urban,1
LP1115,Male,49,3450,94630,819,Self-Employed,0,360,Urban,1
LP1116,Male,65,2593,75733,587,Employed,2,360,Rural,0
LP1117,Male,55,3819,104402,594,Employed,2,360,Urban,0
LP1118,Female,60,6586,282527,712,Employed,0,120,Rural,1
LP1119,Male,34,568,14373,752,Unemployed,2,360,Urban,1
LP1120,Male,55,3118,136894,718,Employed,2,360,Rural,1
LP1121,Female,65,3438,145455,834,Employed,1,360,Rural,1
LP1122,Female,40,9074,307750,823,Employed,0,360,Semi-Urban,1
LP1123,Female,33,6743,218437,569,Self-Employed,0,360,Semi-Urban,0
LP1124,Female,58,5118,133593,788,Employed,1,240,Urban,1
LP1125,Female,28,6994,108757,819,Self-Employed,0,360,Semi-Urban,1
LP1126,Male,63,8585,161644,580,Employed,4,120,Urban,0
LP1127,Male,40,3235,121723,653,Employed,2,360,Semi-Urban,0
LP1128,Male,53,4194,122239,719,Employed,2,360,Rural,1
LP1129,Male,46,1201,23413,616,Unemployed,3,120,Urban,0
LP1130,Male,59,4593,105266,677,Employed,2,360,Rural,1
LP1131,Female,41,509,22108,633,Unemployed,0,360,Semi-Urban,1
LP1132,Male,62,2468,64202,830,Employed,0,360,Semi-Urban,1
LP1133,Male,63,3406,143836,802,Employed,2,240,Rural,1
LP1134,Male,61,7470,180318,568,Employed,0,240,Semi-Urban,0
LP1135,Female,29,6661,208466,749,Employed,1,360,Semi-Urban,1
LP1136,Male,44,10599,165496,769,Self-Employed,1,240,Semi-Urban,1
LP1137,Female,57,793,24310,550,Unemployed,3,360,Rural,0
LP1138,Male,61,4941,168528,772,Self-Employed,1,360,Urban,1
LP1139,Male,37,15517,341826,552,Self-Employed,2,120,Semi-Urban,1
LP1140,Male,44,4185,135460,785,Employed,0,360,Semi-Urban,1
LP1141,Female,41,6454,222114,777,Employed,1,360,Urban,1
LP1142,Male,59,1109,39487,586,Unemployed,0,360,Urban,0
LP1143,Female,61,3098,118628,558,Employed,2,240,Urban,1
LP1144,Male,59,8193,199419,739,Self-Employed,0,360,Semi-Urban,1
LP1145,Male,33,14449,462849,714,Self-Employed,2,240,Rural,1
LP1146,Female,31,4536,201613,688,Employed,0,360,Rural,1
LP1147,Female,39,833,34939,745,Unemployed,0,180,Semi-Urban,0
LP1148,Female,31,2424,105637,840,Employed,1,360,Urban,1
LP1149,Female,33,7161,190368,602,Employed,1,360,Urban,1
LP1150,Female,65,5306,204853,724,Employed,0,360,Semi-Urban,1
LP1151,Female,21,10714,359957,659,Employed,0,360,Semi-Urban,1
LP1152,Female,60,7405,129454,752,Employed,2,240,Urban,1
LP1153,Female,64,3783,150258,685,Employed,1,360,Semi-Urban,1
LP1154,Female,39,6725,237480,553,Self-Employed,0,120,Rural,0
LP1155,Female,32,732,15348,569,Unemployed,2,180,Semi-Urban,0
LP1156,Female,28,2238,38923,721,Employed,0,240,Rural,1
LP1157,Male,28,4754,190686,596,Employed,1,360,Semi-Urban,0
LP1158,Female,65,681,11826,557,Unemployed,0,360,Urban,0
LP1159,Female,32,2176,38603,597,Employed,1,360,Urban,0
LP1160,Male,53,5009,139361,789,Employed,0,360,Rural,0
LP1161,Female,65,4448,84707,762,Employed,4,360,Semi-Urban,0
LP1162,Male,46,2517,106746,688,Employed,0,360,Semi-Urban,0
LP1163,Male,59,5777,168159,754,Employed,0,240,Urban,1
LP1164,Female,48,606,19437,526,Unemployed,0,360,Semi-Urban,0
LP1165,Male,25,6544,280365,553,Employed,2,240,Urban,0
LP1166,Female,28,6372,196945,625,Employed,1,240,Urban,0
LP1167,Female,45,6202,158819,626,Employed,2,360,Urban,1
LP1168,Male,47,4171,162313,805,Employed,3,360,Semi-Urban,0
LP1169,Male,43,5507,155768,651,Employed,3,360,Urban,0
LP1170,Male,50,11131,273311,655,Self-Employed,2,240,Urban,1
LP1171,Female,65,8289,304180,588,Self-Employed,0,180,Semi-Urban,0
LP1172,Female,43,10338,403679,824,Employed,2,360,Semi-Urban,1
LP1173,Female,40,958,37123,497,Unemployed,0,360,Semi-Urban,0
LP1174,Male,38,10840,480539,760,Self-Employed,2,180,Semi-Urban,0
LP1175,Female,38,5100,196860,626,Self-Employed,1,360,Rural,1
LP1176,Male,22,4978,189651,626,Employed,2,240,Urban,1
LP1177,Female,24,3755,152920,577,Employed,1,240,Urban,0
LP1178,Male,50,5373,80624,794,Employed,1,240,Semi-Urban,0
LP1179,Female,53,2448,63336,615,Employed,3,360,Urban,0
LP1180,Male,56,3950,146655,815,Employed,0,360,Semi-Urban,1
LP1181,Female,38,3175,104748,754,Employed,0,240,Semi-Urban,1
LP1182,Male,57,7098,144282,607,Self-Employed,1,360,Rural,0
LP1183,Female,39,10907,262989,750,Self-Employed,3,360,Rural,1
LP1184,Female,48,663,16643,647,Unemployed,0,360,Rural,0
LP1185,Male,60,6363,203837,691,Employed,0,360,Urban,1
LP1186,Female,40,5072,202615,633,Employed,0,180,Rural,1
LP1187,Female,53,7491,321923,692,Employed,0,360,Urban,1
LP1188,Male,32,3334,125034,582,Employed,3,360,Semi-Urban,0
LP1189,Male,35,4758,191692,701,Employed,2,180,Semi-Urban,1
LP1190,Female,61,7012,204069,707,Employed,1,360,Urban,1
LP1191,Male,59,5678,151564,690,Employed,1,360,Semi-Urban,0
LP1192,Male,22,8207,219793,800,Self-Employed,2,360,Urban,1
LP1193,Male,49,7655,256298,661,Employed,0,360,Urban,1
LP1194,Female,61,5414,101388,693,Self-Employed,0,180,Rural,0
LP1195,Male,30,3840,124357,758,Employed,1,360,Urban,1
LP1196,Female,22,6187,216260,773,Employed,0,240,Urban,1
LP1197,Female,31,4629,130386,592,Employed,1,120,Semi-Urban,1
LP1198,Female,33,7699,335638,813,Employed,0,360,Rural,1
LP1199,Female,30,5698,189437,793,Employed,0,360,Urban,0
LP1200,Male,34,3830,82727,552,Employed,0,360,Semi-Urban,0
LP1201,Female,38,5627,165301,674,Employed,2,180,Rural,0
LP1202,Male,29,3425,120772,817,Employed,0,360,Urban,1
LP1203,Male,59,7177,177335,633,Employed,3,360,Urban,1
LP1204,Male,48,1139,19806,469,Unemployed,0,360,Rural,0
LP1205,Male,23,3427,111388,608,Employed,2,360,Semi-Urban,1
LP1206,Female,40,4096,177914,726,Self-Employed,2,360,Rural,1
LP1207,Female,26,7570,223709,612,Employed,3,360,Urban,1
LP1208,Male,47,1336,56356,480,Unemployed,2,180,Rural,0
LP1209,Male,22,10629,425698,795,Self-Employed,0,240,Rural,1
LP1210,Female,49,8367,162507,838,Employed,0,360,Urban,1
LP1211,Male,58,8336,302139,835,Employed,1,360,Urban,1
LP1212,Male,23,7912,222042,564,Self-Employed,0,180,Rural,0
LP1213,Male,36,3467,78033,804,Employed,0,360,Semi-Urban,1
LP1214,Female,50,3957,140901,641,Employed,2,360,Semi-Urban,0
LP1215,Female,60,4775,178011,828,Employed,1,360,Semi-Urban,1
LP1216,Male,22,11394,232402,755,Self-Employed,1,240,Rural,1
LP1217,Male,37,5280,224048,643,Self-Employed,3,360,Rural,1
LP1218,Female,61,4233,158883,774,Employed,1,360,Urban,1
LP1219,Female,32,10294,442655,748,Employed,1,240,Urban,1
LP1220,Male,55,4713,115525,820,Employed,2,180,Rural,1
LP1221,Female,63,3812,164602,783,Employed,0,360,Rural,1
LP1222,Male,21,969,25247,488,Unemployed,0,360,Semi-Urban,0
LP1223,Male,65,5325,88496,613,Employed,3,360,Rural,0
LP1224,Female,35,6270,237564,779,Employed,3,360,Semi-Urban,1
LP1225,Male,46,5457,197026,798,Employed,2,120,Urban,1
LP1226,Female,57,2502,82409,795,Self-Employed,1,360,Rural,1
LP1227,Male,41,4271,126835,624,Employed,2,240,Semi-Urban,1
LP1228,Male,51,2023,32297,706,Employed,0,240,Urban,1
LP1229,Female,45,8500,286772,772,Employed,0,180,Urban,1
LP1230,Male,43,3182,87521,739,Employed,1,240,Rural,1
LP1231,Female,44,8120,258267,601,Employed,1,360,Rural,1
LP1232,Male,58,7174,200008,637,Employed,0,360,Urban,0
LP1233,Male,48,3428,150769,615,Employed,0,360,Urban,0
LP1234,Male,41,625,20702,614,Unemployed,0,360,Semi-Urban,1
LP1235,Female,63,3765,141101,569,Self-Employed,1,360,Rural,0
LP1236,Male,38,1155,49769,501,Unemployed,2,360,Semi-Urban,0
LP1237,Female,56,5120,167669,830,Employed,1,360,Semi-Urban,1
LP1238,Male,55,1369,21030,448,Unemployed,0,360,Semi-Urban,0
LP1239,Female,65,4051,64932,622,Employed,1,240,Urban,1
LP1240,Male,29,4672,168519,682,Employed,1,240,Semi-Urban,1
LP1241,Female,58,7236,169123,604,Employed,1,240,Urban,1
LP1242,Female,50,3565,115439,610,Employed,0,360,Rural,1
LP1243,Female,64,4765,100390,557,Employed,1,360,Urban,0
LP1244,Female,54,7319,169123,821,Employed,3,180,Semi-Urban,1
LP1245,Female,52,6073,183035,795,Employed,0,120,Urban,1
LP1246,Female,23,4078,180521,725,Employed,0,180,Semi-Urban,1
LP1247,Male,23,2683,89848,665,Employed,1,360,Urban,0
LP1248,Male,48,5565,239764,820,Employed,1,240,Urban,1
LP1249,Female,64,2613,114400,742,Employed,0,180,Urban,1
LP1250,Female,35,5965,126716,699,Self-Employed,0,240,Rural,1
LP1251,Female,61,11961,291080,680,Self-Employed,0,360,Semi-Urban,1
LP1252,Male,43,6239,237704,651,Employed,3,360,Semi-Urban,0
LP1253,Male,60,2187,89673,819,Employed,2,360,Semi-Urban,1
LP1254,Male,31,5325,162821,841,Employed,1,240,Semi-Urban,1
LP1255,Female,52,5655,253325,759,Self-Employed,2,360,Semi-Urban,1
LP1256,Male,56,2952,45304,616,Employed,0,180,Rural,1
LP1257,Male,53,5619,134787,559,Employed,2,120,Semi-Urban,0
LP1258,Male,44,4037,136026,598,Employed,1,360,Urban,0
LP1259,Male,59,4047,117681,660,Employed,0,240,Rural,1
LP1260,Male,54,5164,95524,768,Employed,2,360,Urban,1
LP1261,Male,48,4851,126289,606,Self-Employed,2,120,Rural,0
LP1262,Female,57,5106,80487,832,Employed,2,180,Urban,1
LP1263,Male,27,3876,132878,662,Employed,0,360,Semi-Urban,1
LP1264,Male,24,5068,211752,682,Self-Employed,3,360,Urban,1
LP1265,Male,57,10899,452812,620,Self-Employed,3,360,Rural,0
LP1266,Male,21,7614,273999,632,Employed,0,360,Semi-Urban,0
LP1267,Male,21,2481,71882,606,Employed,0,360,Urban,0
LP1268,Male,40,6626,201171,820,Employed,0,360,Urban,0
LP1269,Female,39,1080,20636,547,Unemployed,4,360,Semi-Urban,0
LP1270,Male,49,8599,216957,625,Employed,1,180,Semi-Urban,1
LP1271,Female,30,1241,25604,587,Unemployed,0,240,Semi-Urban,0
LP1272,Female,38,3219,127588,569,Employed,0,360,Urban,1
LP1273,Female,48,6323,268364,680,Employed,0,240,Semi-Urban,1
LP1274,Male,55,3471,107974,671,Employed,1,240,Semi-Urban,1
LP1275,Male,63,4284,157792,590,Employed,1,240,Urban,0
LP1276,Male,51,5728,106792,716,Employed,3,180,Urban,0
LP1277,Male,47,3562,118458,679,Employed,1,120,Semi-Urban,0
LP1278,Female,31,3107,112112,572,Employed,2,120,Rural,0
LP1279,Male,58,605,17292,737,Unemployed,0,180,Urban,1
LP1280,Male,25,5921,132027,800,Employed,0,240,Rural,1
LP1281,Female,28,7797,322181,558,Self-Employed,1,360,Urban,0
LP1282,Female,54,8213,306240,562,Employed,0,180,Semi-Urban,0
LP1283,Male,32,8250,346464,601,Employed,0,360,Semi-Urban,1
LP1284,Male,58,6110,241663,758,Employed,3,360,Urban,1
LP1285,Male,21,6893,308194,587,Employed,1,360,Semi-Urban,0
LP1286,Male,51,556,11545,552,Unemployed,0,360,Rural,0
LP1287,Male,24,6036,106248,742,Employed,0,240,Rural,1
LP1288,Male,65,6342,159248,740,Employed,0,120,Urban,1
LP1289,Male,25,5883,111012,600,Employed,4,360,Urban,0
LP1290,Male,50,7040,216085,690,Employed,0,180,Rural,1
LP1291,Male,44,2843,96636,717,Employed,0,360,Urban,1
LP1292,Male,23,7330,237115,658,Self-Employed,1,360,Semi-Urban,1
LP1293,Male,31,6371,145113,756,Self-Employed,0,240,Urban,1
LP1294,Female,65,5072,214366,849,Employed,0,360,Semi-Urban,1
LP1295,Female,24,4086,63885,659,Employed,0,360,Urban,1
LP1296,Male,46,6052,153965,745,Employed,0,120,Rural,1
LP1297,Male,47,3543,129566,701,Employed,0,240,Rural,1
LP1298,Male,63,3969,150853,792,Employed,0,360,Urban,0
LP1299,Female,47,3783,103970,677,Employed,2,360,Rural,0
LP1300,Female,62,6943,107667,654,Employed,0,180,Semi-Urban,1
LP1301,Male,26,4891,164050,559,Employed,2,240,Urban,0
LP1302,Female,35,4087,69041,697,Employed,2,360,Rural,0
LP1303,Male,50,4232,77173,689,Employed,1,360,Semi-Urban,1
LP1304,Male,62,4922,169846,739,Employed,0,360,Urban,0
LP1305,Female,57,9403,229194,643,Employed,0,360,Urban,1
LP1306,Female,57,3575,90951,778,Self-Employed,2,240,Rural,1
LP1307,Female,62,6439,190621,612,Employed,1,360,Rural,0
LP1308,Female,57,5935,263260,574,Employed,1,360,Rural,0
LP1309,Male,55,3452,151761,817,Employed,0,360,Urban,1
LP1310,Female,43,13813,379689,830,Self-Employed,3,240,Rural,1
LP1311,Male,26,6097,140017,560,Employed,0,180,Urban,1
LP1312,Female,24,4011,96575,750,Employed,0,360,Rural,1
LP1313,Male,38,2336,53876,675,Employed,1,240,Urban,1
LP1314,Female,29,7439,230366,739,Self-Employed,0,360,Semi-Urban,1
LP1315,Male,49,792,26298,515,Unemployed,1,180,Semi-Urban,0
LP1316,Female,33,4827,143185,665,Employed,2,240,Rural,0
LP1317,Male,37,4107,111873,726,Self-Employed,2,120,Rural,1
LP1318,Female,65,1064,22704,433,Unemployed,2,360,Semi-Urban,0
LP1319,Male,52,752,22165,727,Unemployed,1,360,Semi-Urban,0
LP1320,Male,42,2861,72191,758,Employed,1,360,Rural,1
LP1321,Male,24,4511,140959,830,Employed,0,360,Urban,1
LP1322,Male,25,5720,201662,654,Employed,1,180,Rural,0
LP1323,Female,57,9369,318540,696,Self-Employed,0,120,Rural,1
LP1324,Male,61,5465,157800,828,Employed,0,360,Urban,1
LP1325,Female,33,6393,202540,558,Employed,0,360,Urban,1
LP1326,Male,54,4779,112524,667,Employed,1,360,Urban,1
LP1327,Male,65,3664,57624,643,Self-Employed,1,360,Urban,0
LP1328,Female,42,11258,379964,693,Self-Employed,3,240,Semi-Urban,1
LP1329,Female,43,3882,87644,838,Employed,0,180,Semi-Urban,1
LP1330,Male,23,4155,145710,563,Self-Employed,4,360,Semi-Urban,0
LP1331,Male,62,4577,171226,806,Employed,2,240,Urban,1
LP1332,Female,54,4203,178534,735,Self-Employed,1,240,Semi-Urban,1
LP1333,Male,52,4158,181886,756,Employed,1,360,Semi-Urban,1
LP1334,Female,65,5639,86365,721,Employed,0,240,Rural,1
LP1335,Female,41,630,28168,749,Unemployed,2,360,Urban,0
LP1336,Female,64,3110,110375,770,Employed,1,120,Semi-Urban,1
LP1337,Male,41,8697,298356,701,Self-Employed,4,360,Rural,1
LP1338,Female,64,8422,130173,660,Employed,1,360,Semi-Urban,1
LP1339,Male,31,2967,121163,732,Employed,2,360,Semi-Urban,1
LP1340,Male,59,10819,209507,621,Employed,2,360,Urban,1
LP1341,Male,24,5802,232775,832,Employed,0,240,Rural,1
LP1342,Male,21,7432,114949,623,Employed,0,360,Semi-Urban,1
LP1343,Female,48,8838,303840,764,Employed,1,360,Rural,1
LP1344,Female,44,7252,203375,572,Employed,1,360,Rural,0
LP1345,Female,55,4702,98850,617,Employed,0,240,Semi-Urban,1
LP1346,Male,33,1069,19484,533,Unemployed,2,120,Semi-Urban,0
LP1347,Male,54,1332,37567,550,Unemployed,1,180,Urban,0
LP1348,Male,31,7602,142151,773,Employed,4,360,Urban,1
LP1349,Female,56,12087,357695,774,Self-Employed,2,120,Semi-Urban,1
LP1350,Male,37,3176,107210,652,Employed,1,360,Semi-Urban,1
LP1351,Female,55,6752,268874,764,Employed,3,360,Semi-Urban,0
LP1352,Male,38,6057,214172,741,Self-Employed,1,360,Rural,1
LP1353,Male,60,1280,21703,659,Unemployed,2,360,Urban,0
LP1354,Female,42,5194,125814,756,Employed,0,180,Semi-Urban,1
LP1355,Male,44,5946,140559,818,Self-Employed,0,360,Semi-Urban,1
LP1356,Female,39,6677,283445,743,Employed,1,360,Urban,1
LP1357,Female,57,1130,46367,587,Unemployed,1,360,Rural,0
LP1358,Male,59,2467,64399,786,Employed,1,360,Semi-Urban,1
LP1359,Male,41,2268,38861,637,Employed,1,120,Semi-Urban,0
LP1360,Male,28,7537,315221,560,Employed,0,240,Semi-Urban,0
LP1361,Female,48,3606,150174,736,Employed,3,360,Urban,1
LP1362,Male,25,5181,210568,763,Employed,1,360,Semi-Urban,1
LP1363,Female,37,1237,49915,482,Unemployed,1,240,Semi-Urban,0
LP1364,Female,57,4694,138039,815,Employed,1,240,Rural,1
LP1365,Female,56,4721,95944,846,Employed,2,240,Rural,1
LP1366,Male,39,4803,140846,622,Employed,3,360,Urban,1
LP1367,Female,47,5791,172791,601,Employed,1,360,Semi-Urban,1
LP1368,Female,54,4480,133046,677,Employed,0,360,Urban,0
LP1369,Male,31,8580,267380,577,Employed,1,360,Urban,0
LP1370,Male,65,6875,156266,614,Employed,1,120,Semi-Urban,1
LP1371,Female,32,6968,181079,566,Employed,2,180,Semi-Urban,1
LP1372,Male,41,3339,93577,687,Employed,0,360,Urban,1
LP1373,Female,31,6376,120720,778,Self-Employed,3,360,Semi-Urban,1
LP1374,Male,59,5708,163596,803,Self-Employed,1,240,Semi-Urban,1
LP1375,Male,48,3287,129225,759,Employed,4,360,Urban,1
LP1376,Female,25,5676,226141,843,Employed,0,360,Rural,0
LP1377,Male,37,3963,108375,780,Employed,2,360,Urban,1
LP1378,Male,40,6387,195213,790,Employed,3,180,Semi-Urban,1
LP1379,Male,61,3203,51278,619,Employed,3,120,Rural,0
LP1380,Male,32,9775,344402,653,Employed,0,240,Semi-Urban,1
LP1381,Male,26,3433,93165,753,Employed,0,360,Rural,1
LP1382,Male,37,5365,152174,602,Employed,1,360,Urban,0
LP1383,Female,39,6746,278003,603,Employed,0,120,Semi-Urban,0
LP1384,Male,46,4987,143900,825,Self-Employed,0,120,Semi-Urban,1
LP1385,Female,64,1499,23438,493,Unemployed,0,360,Semi-Urban,0
LP1386,Male,64,3734,81493,684,Employed,1,360,Rural,1
LP1387,Female,52,3507,102645,607,Employed,1,360,Semi-Urban,0
LP1388,Male,26,7413,205576,654,Self-Employed,0,240,Rural,1
LP1389,Female,56,1415,57747,741,Unemployed,0,360,Urban,0
LP1390,Male,58,5070,158509,559,Employed,1,180,Semi-Urban,1
LP1391,Male,31,8785,313528,802,Employed,1,180,Semi-Urban,1
LP1392,Male,53,4942,143711,844,Employed,0,360,Semi-Urban,1
LP1393,Male,44,3871,109122,705,Employed,0,240,Rural,1
LP1394,Male,43,4360,123774,707,Employed,3,120,Urban,1
LP1395,Male,35,6792,185609,586,Employed,4,360,Semi-Urban,0
LP1396,Female,47,3890,121202,668,Employed,4,180,Semi-Urban,0
LP1397,Male,31,3641,81970,616,Employed,2,360,Rural,1
LP1398,Male,37,5938,247802,791,Self-Employed,0,240,Rural,1
LP1399,Female,34,3069,76702,848,Employed,1,360,Urban,1
LP1400,Female,47,10180,197753,762,Employed,1,180,Urban,1
LP1401,Male,38,3918,70118,650,Employed,1,360,Semi-Urban,1
LP1402,Male,48,6854,105570,605,Employed,0,120,Semi-Urban,0
LP1403,Male,24,570,15780,713,Unemployed,1,360,Rural,0
LP1404,Female,27,6569,135507,780,Employed,1,360,Semi-Urban,1
LP1405,Female,65,5190,81220,641,Employed,0,180,Urban,1
LP1406,Male,55,12258,375101,828,Self-Employed,2,240,Semi-Urban,1
LP1407,Female,29,4891,173138,658,Employed,0,360,Semi-Urban,0
LP1408,Female,28,945,16606,591,Unemployed,0,360,Rural,0
LP1409,Male,65,7395,213180,849,Employed,0,120,Urban,1
LP1410,Female,37,7097,264780,767,Employed,0,180,Urban,1
LP1411,Male,37,4089,182263,771,Employed,0,180,Rural,1
LP1412,Male,53,3190,111700,710,Employed,3,180,Urban,1
LP1413,Male,52,4881,109066,565,Self-Employed,1,360,Semi-Urban,0
LP1414,Male,28,7318,267082,827,Self-Employed,1,360,Semi-Urban,1
LP1415,Male,39,6113,201349,606,Employed,0,360,Semi-Urban,1
LP1416,Female,58,2061,44010,611,Employed,1,360,Urban,1
LP1417,Male,23,6607,267803,791,Self-Employed,2,360,Urban,1
LP1418,Male,25,1316,36613,531,Unemployed,1,360,Semi-Urban,0
LP1419,Male,33,5235,229603,621,Employed,2,240,Urban,0
LP1420,Female,51,8517,312463,579,Employed,3,240,Semi-Urban,0
LP1421,Male,36,4332,148747,837,Employed,2,360,Urban,1
LP1422,Male,52,10543,388515,635,Self-Employed,1,120,Semi-Urban,1
LP1423,Male,42,5385,158011,783,Employed,0,240,Rural,1
LP1424,Male,49,9817,296049,784,Employed,1,180,Urban,1
LP1425,Female,42,3170,128499,814,Self-Employed,1,120,Urban,1
LP1426,Female,63,3085,109294,836,Employed,2,360,Rural,1
LP1427,Male,23,10225,428604,818,Employed,2,360,Semi-Urban,1
LP1428,Female,30,3665,152921,735,Employed,2,240,Urban,1
LP1429,Female,62,3759,166503,680,Employed,2,240,Semi-Urban,0
LP1430,Female,41,3462,124654,840,Employed,0,360,Urban,1
LP1431,Male,36,7780,233937,826,Employed,0,180,Urban,1
LP1432,Male,32,2976,59488,729,Employed,0,360,Rural,0
LP1433,Male,22,4959,179324,839,Employed,3,360,Rural,1
LP1434,Female,61,5809,137948,712,Self-Employed,2,180,Semi-Urban,1
LP1435,Male,44,11139,261637,820,Self-Employed,1,360,Urban,0
LP1436,Male,55,3922,86866,645,Employed,2,360,Urban,1
LP1437,Male,50,5802,239353,811,Employed,2,120,Rural,1
LP1438,Female,50,3076,126235,837,Employed,3,120,Urban,1
LP1439,Male,55,12204,414070,632,Employed,2,360,Semi-Urban,1
LP1440,Female,39,4465,130330,774,Employed,1,180,Urban,1
LP1441,Female,28,4932,173426,772,Employed,1,360,Semi-Urban,1
LP1442,Male,46,9527,316457,667,Employed,0,360,Urban,1
LP1443,Female,60,3886,106756,741,Employed,1,240,Urban,1
LP1444,Male,27,9575,252673,628,Employed,1,180,Rural,1
LP1445,Female,50,4168,110384,627,Employed,0,360,Semi-Urban,1
LP1446,Male,27,6429,210061,696,Employed,2,360,Urban,0
LP1447,Female,23,3908,134552,656,Employed,1,360,Semi-Urban,1
LP1448,Female,21,2857,81573,820,Employed,4,360,Urban,1
LP1449,Female,56,8162,359623,793,Self-Employed,0,360,Semi-Urban,1
LP1450,Female,45,9135,160002,622,Self-Employed,1,240,Semi-Urban,0
LP1451,Male,57,2903,73769,575,Employed,1,360,Urban,0
LP1452,Female,21,4346,119828,759,Employed,0,360,Semi-Urban,1
LP1453,Female,35,7945,123208,641,Employed,1,360,Semi-Urban,1
LP1454,Male,57,6248,162127,674,Employed,0,360,Rural,1
LP1455,Male,33,4196,97394,622,Employed,0,360,Semi-Urban,1
LP1456,Female,60,4920,148490,672,Self-Employed,0,360,Urban,0
LP1457,Female,28,10713,268813,733,Employed,0,240,Urban,0
LP1458,Female,25,3218,118375,736,Self-Employed,2,360,Semi-Urban,1
LP1459,Male,29,4799,145399,747,Employed,0,120,Urban,0
LP1460,Female,21,2735,51671,627,Employed,1,180,Semi-Urban,0
LP1461,Male,56,12802,480098,735,Self-Employed,2,360,Semi-Urban,0
LP1462,Female,55,4900,88086,802,Employed,1,120,Urban,1
LP1463,Male,22,5277,211984,562,Employed,3,360,Urban,0
LP1464,Female,60,14876,500000,848,Employed,2,360,Semi-Urban,1
LP1465,Female,43,3876,95633,625,Employed,2,120,Urban,1
LP1466,Male,29,1416,60582,459,Unemployed,0,360,Rural,0
LP1467,Female,54,4490,174168,824,Employed,2,360,Semi-Urban,1
LP1468,Male,34,1218,51975,616,Unemployed,2,360,Rural,0
LP1469,Female,24,1086,37997,678,Unemployed,0,360,Rural,0
LP1470,Female,50,13286,293213,671,Self-Employed,0,360,Rural,1
LP1471,Male,51,2815,117767,760,Employed,0,240,Urban,1
LP1472,Female,58,4847,99498,829,Employed,2,120,Rural,1
LP1473,Female,31,2956,63234,575,Self-Employed,1,360,Urban,0
LP1474,Male,55,4483,103700,722,Employed,2,360,Urban,1
LP1475,Male,28,4449,107342,705,Employed,0,120,Semi-Urban,1
LP1476,Female,23,6314,192162,787,Employed,2,360,Urban,1
LP1477,Female,34,5005,182200,631,Employed,0,360,Urban,1
LP1478,Female,33,6306,269810,822,Employed,0,360,Urban,1
LP1479,Female,65,6511,114939,617,Employed,1,360,Urban,0
LP1480,Male,52,11637,500000,593,Employed,0,360,Semi-Urban,0
LP1481,Female,54,5666,241596,610,Self-Employed,0,360,Urban,1
LP1482,Male,65,3373,56059,672,Employed,0,360,Semi-Urban,0
LP1483,Male,39,599,15459,666,Unemployed,1,360,Rural,0
LP1484,Male,58,3414,134492,660,Employed,3,360,Semi-Urban,1
LP1485,Male,36,19025,500000,807,Self-Employed,2,360,Semi-Urban,1
LP1486,Male,22,3727,143015,638,Employed,1,360,Rural,0
LP1487,Male,60,9356,342158,747,Self-Employed,0,180,Urban,1
LP1488,Female,37,4318,129121,831,Employed,1,120,Semi-Urban,1
LP1489,Male,54,3717,60351,749,Self-Employed,2,360,Rural,0
LP1490,Male,62,5319,173016,648,Employed,0,180,Rural,0
LP1491,Male,36,8105,133383,576,Self-Employed,0,120,Semi-Urban,0
LP1492,Male,58,918,30396,532,Unemployed,0,180,Urban,0
LP1493,Male,22,3489,136114,695,Employed,2,240,Rural,0
LP1494,Male,22,4985,162260,731,Employed,0,180,Urban,0
LP1495,Female,46,9192,412818,806,Self-Employed,2,240,Semi-Urban,1
LP1496,Female,33,2559,73381,738,Employed,0,360,Semi-Urban,1
LP1497,Female,51,8434,315978,789,Self-Employed,0,360,Semi-Urban,1
LP1498,Male,54,3222,112822,745,Employed,1,360,Rural,1
LP1499,Male,59,6830,305594,846,Employed,1,120,Rural,1
LP1500,Female,23,1276,46442,616,Unemployed,0,360,Semi-Urban,0
